horizon,feature,ic_mean,ic_std,icir,n_days,n_eff,t_stat,p_value
1,trend__velocity_52/104,0.01954670182816008,0.3967528015370923,0.049266701463562726,2551,2551.0,2.4883342388589247,0.012897685710651323
1,trend__plus_di,-0.01422258650796479,0.360408271629357,-0.039462430880585514,2551,2551.0,-1.9931457757810207,0.046351875894765866
1,trend__rel_104,0.014831973201240153,0.38489455951244445,0.03853515939541516,2551,2551.0,1.9463116806067484,0.0517270087923505
1,momentum__mfi_short_velocity,-0.013089341078364992,0.35996860238332207,-0.03636245214638598,2551,2551.0,-1.8365738317520848,0.06638916959874953
1,candle__gap_log,-0.011585474501977833,0.3669867896678872,-0.03156918676136098,2551,2551.0,-1.5944783388700148,0.11095286423044096
1,momentum__mfi_short_raw,-0.010612593991661024,0.3626639192731708,-0.029262888938414788,2551,2551.0,-1.4779931740962535,0.13953310403086713
1,candle__skew_log,0.010480738391361677,0.36209264021067006,0.02894490864344509,2551,2551.0,1.4619328081340477,0.14388284356629896
1,momentum__cmf_long_acceleration,0.0100958625850825,0.35244042705310885,0.028645586062580632,2551,2551.0,1.4468147952713535,0.14807171106265787
1,volume__obv_zvel12_26,-0.009825024054737891,0.3528108472279843,-0.027847851425013073,2551,2551.0,-1.4065232727375954,0.15969065057682327
1,candle__range_log,-0.01130038131214141,0.40657819384477545,-0.027793869625127265,2551,2551.0,-1.40379679101788,0.16050113804055358
1,volatility__vol_rs20,-0.011710202772531273,0.4227125418668798,-0.027702520300944933,2551,2551.0,-1.399182971859972,0.16187974500026375
1,volatility__vol_park20,-0.01169594811303945,0.4234663972770731,-0.027619542396387167,2551,2551.0,-1.3949919715525418,0.1631397488650516
1,volatility__vol_rs7,-0.0115640925127401,0.4197054008115069,-0.027552879925730637,2551,2551.0,-1.39162502180243,0.16415735482693664
1,volatility__atr_norm,-0.010712376608103775,0.42533881165612625,-0.025185514029141577,2551,2551.0,-1.2720554658672452,0.20346940251313278
1,volume__obv_zvel26_52,-0.008805815901072662,0.35364415312849184,-0.024900216285700015,2551,2551.0,-1.2576458114315838,0.20863503677098025
1,momentum__mfi_short_acceleration,-0.008645450981789673,0.3539983380833523,-0.024422292569503585,2551,2551.0,-1.233507115086065,0.21750030888095087
1,candle__body_size,-0.00806457360749795,0.3421345051734287,-0.023571354205884614,2551,2551.0,-1.1905284093385795,0.23394958603035995
1,volatility__vol20,-0.0098321513844838,0.41952388846823196,-0.023436451784385883,2551,2551.0,-1.1837148353758793,0.23663629686625803
1,volatility__vol_rs100,-0.00971098677880332,0.423352292496739,-0.022938311545527112,2551,2551.0,-1.1585550545242547,0.24674608546608232
1,volatility__vol_park100,-0.009326110972524147,0.4264756965733961,-0.021867860343406768,2551,2551.0,-1.1044893205064465,0.2694851394826997
1,volatility__vol100,-0.009443711913331671,0.4341285284994318,-0.021753262670789975,2551,2551.0,-1.098701287129038,0.2720021044987965
1,momentum__cci_short_raw,-0.007893517693596093,0.36582078935496487,-0.021577553609007222,2551,2551.0,-1.0898266748346637,0.2758924768401669
1,trend__acceleration_26/52,-0.008128719575211146,0.3800751924758437,-0.021387135325144326,2551,2551.0,-1.080209137606375,0.28015121387447744
1,volatility__vol7,-0.008698905954884005,0.41091686995783866,-0.021169503106009104,2551,2551.0,-1.0692170945780115,0.28507305774098124
1,volume__price_zvel12_26,-0.007469441573714405,0.36572137745744604,-0.020423858254180183,2551,2551.0,-1.0315564930009595,0.3023777564714289
1,trend__velocity_26/52,0.007754534763550836,0.3852433532758248,0.020128925515812284,2551,2551.0,1.0166601997797857,0.30941155383818103
1,volume__price_zvel26_52,-0.007312640319304373,0.36406442678328227,-0.02008611603148305,2551,2551.0,-1.0144980029523178,0.31044142837270505
1,momentum__mfi_long_velocity,-0.0069634011617547495,0.3548043885837635,-0.019626028836762274,2551,2551.0,-0.9912601833809997,0.3216525983388943
1,volume__ad_zvel12_26,-0.006803036242471758,0.34753853209236246,-0.019574912173087534,2551,2551.0,-0.9886784123141431,0.32291430920926384
1,volatility__vol_park7,-0.008121592245465235,0.42012340857499053,-0.019331444236855847,2551,2551.0,-0.9763814737371269,0.3289680735077525
1,candle__body_log,-0.007241367021845267,0.37498224058387974,-0.01931122660787837,2551,2551.0,-0.9753603333538924,0.3294740681581031
1,trend__rel_52,0.006820854566836534,0.38072715428680304,0.017915335142337552,2551,2551.0,0.904857449575381,0.36562639165050276
1,momentum__cmf_long_raw,0.005872919710630411,0.3496733367878863,0.01679544618580099,2551,2551.0,0.848294741874503,0.39635346433444407
1,trend__acceleration_12/26,-0.005979829656819072,0.37334543943386866,-0.01601688148618269,2551,2551.0,-0.8089714435477423,0.4186070428370655
1,volume__ad_zvel26_52,-0.0053169879904493775,0.3517399571237265,-0.01511624676914115,2551,2551.0,-0.7634827029472179,0.445246203129359
1,volatility__bb_bandwidth,-0.005648408823634226,0.4119700703211755,-0.01371072616811866,2551,2551.0,-0.692493476328657,0.4886905364005802
1,trend__minus_di,0.004892911870567692,0.3574054410323651,0.013690087807377871,2551,2551.0,0.6914510858673591,0.4893450538444343
1,momentum__cmf_short_velocity,-0.00469334663768219,0.3457888932189074,-0.013572866942001487,2551,2551.0,-0.6855305617778693,0.49307149661050437
1,momentum__cci_short_velocity,-0.004671964648444462,0.361559185690291,-0.012921714710482929,2551,2551.0,-0.6526425391527829,0.514045583890156
1,momentum__rsi_short_raw,0.004622073340223085,0.36846304564199833,0.01254419783717993,2551,2551.0,0.6335751339139406,0.5264149540169566
1,trend__acceleration_52/104,-0.004639891664587862,0.38152019076618815,-0.012161588762235092,2551,2551.0,-0.6142505346815866,0.5391045809884247
1,trend__rel_12,-0.004415380777591675,0.37700597178698275,-0.011711699835053194,2551,2551.0,-0.5915278033451243,0.5542192651817034
1,momentum__rsi_short_acceleration,-0.004162360571611848,0.35991136757620473,-0.011564960005689576,2551,2551.0,-0.5841163523901652,0.5591937007000853
1,momentum__cci_short_acceleration,-0.00421225187983322,0.3651047147031205,-0.011537106233367463,2551,2551.0,-0.5827095300681602,0.5601403783208152
1,momentum__rsi_long_acceleration,0.003980613663091123,0.351731412146668,0.011317196945239718,2551,2551.0,0.5716024781479891,0.5676416940493456
1,trend__velocity_12/26,0.004190869890595491,0.37867597073772913,0.011067166164335488,2551,2551.0,0.558974067184597,0.576228502660025
1,momentum__willr_long_raw,0.0036705748191440115,0.3685303525769275,0.009960033938799684,2551,2551.0,0.503055669120494,0.6149685793964692
1,momentum__cmf_short_acceleration,0.0031253340935818393,0.3494794841895427,0.0089428256449148,2551,2551.0,0.45167909730764294,0.6515385914524625
1,momentum__rsi_short_velocity,-0.003196607391040944,0.3630595063862143,-0.008804637627751489,2551,2551.0,-0.4446995763676869,0.6565746160306356
1,momentum__mfi_long_acceleration,0.0028402409037454122,0.35270136057494433,0.008052820944936217,2551,2551.0,0.4067272514987653,0.6842424565343955
1,momentum__willr_short_velocity,-0.0027475856170485723,0.36340794863873516,-0.007560609577585092,2551,2551.0,-0.38186692268131417,0.7025918947702846
1,momentum__willr_short_raw,-0.0027083853034460654,0.36915937560262657,-0.007336628790816481,2551,2551.0,-0.3705542298481011,0.7110003552475048
1,momentum__rsi_long_raw,-0.0022308542104700463,0.367774951062523,-0.006065813356850379,2551,2551.0,-0.3063686143782494,0.7593490138726463
1,momentum__willr_long_acceleration,-0.0021381989237732077,0.3623443570948645,-0.005901013447308663,2551,2551.0,-0.2980449952746487,0.7656931032137931
1,momentum__willr_short_acceleration,-0.002177399237375718,0.3697979168890937,-0.005888078699017504,2551,2551.0,-0.2973916944428949,0.7661917079107671
1,momentum__mfi_long_raw,-0.0018744877231745103,0.35848460930345244,-0.005228921059726113,2551,2551.0,-0.2640993392835532,0.791724714292753
1,momentum__cci_long_acceleration,-0.0017925234310965396,0.3629415741965872,-0.0049388760024653994,2551,2551.0,-0.24944991025028584,0.8030328733838284
1,momentum__rsi_long_velocity,0.0017069954741456117,0.36073248095151167,0.004732025986800617,2551,2551.0,0.2390024485571611,0.8111228902766322
1,momentum__cmf_long_velocity,-0.0015929581982110392,0.35391299108441576,-0.004500988204276132,2551,2551.0,-0.22733332503869483,0.8201827856987457
1,momentum__cci_long_raw,-0.0014611025979116927,0.36784789788318895,-0.003972029217292604,2551,2551.0,-0.20061696857150338,0.8410140874398543
1,momentum__willr_long_velocity,-0.0010584084672677371,0.35910728642431183,-0.0029473321964766518,2551,2551.0,-0.1488621604433628,0.881674170947109
1,trend__rel_26,0.0009978261644274977,0.37929824869544293,0.0026307165083398554,2551,2551.0,0.13287071725869265,0.8943061094652083
1,momentum__cci_long_velocity,0.0002138198923773217,0.35754363682985746,0.0005980246055366694,2551,2551.0,0.030204683029927896,0.9759061774106386
1,trend__adx,0.00017818324364776895,0.34421604710486287,0.0005176494389103444,2551,2551.0,0.026145140313876686,0.9791436183658889
1,momentum__cmf_short_raw,-0.00010334628131570509,0.34671393808713713,-0.0002980736277459137,2551,2551.0,-0.015054931456485012,0.9879895341026707
5,momentum__rsi_long_acceleration,0.030800755496953065,0.35625429393717556,0.08645721896164624,2551,510.2,1.9528617033827451,0.05138340769193993
5,momentum__cmf_long_acceleration,0.027080289369587687,0.348117089849993,0.07779074960455645,2551,510.2,1.7571068975462467,0.07950054242803296
5,trend__velocity_52/104,0.02853070097288051,0.3806964318532194,0.07494344203331214,2551,510.2,1.6927930324877205,0.09110654490823152
5,momentum__mfi_long_acceleration,0.022511671002458922,0.3461765751772395,0.0650294462903307,2551,510.2,1.4688595906480435,0.14248837164284142
5,trend__rel_104,0.021816756352232635,0.3690193444989015,0.0591209015935412,2551,510.2,1.3353997037853385,0.1823421921834157
5,momentum__cmf_short_acceleration,0.019101243719040657,0.3511471077141028,0.05439669955815932,2551,510.2,1.2286912837743644,0.21975512086126625
5,volume__obv_zvel26_52,-0.017579558818288727,0.3414188608841672,-0.05148971199998505,2551,510.2,-1.1630293906120708,0.24536231522396718
5,volume__ad_zvel12_26,-0.01791454331634653,0.3495136698033877,-0.05125562993408531,2551,510.2,-1.1577420368498927,0.2475120761349875
5,volume__obv_zvel12_26,-0.017422757563878694,0.3447468694465331,-0.05053782675923848,2551,510.2,-1.1415285806739917,0.25418656172547505
5,trend__acceleration_26/52,-0.016467695377926663,0.3837930552332316,-0.04290774716577198,2551,510.2,-0.9691833397467651,0.3329138382064147
5,volume__ad_zvel26_52,-0.01456113467089555,0.34436536018231567,-0.042283970324966835,2551,510.2,-0.9550937134726901,0.33998350031551633
5,momentum__willr_long_acceleration,0.014924628487936993,0.3650479963092587,0.040884017002775865,2551,510.2,0.923472117702382,0.35619860467616504
5,momentum__rsi_short_acceleration,0.013449271230533482,0.3561446938084751,0.03776350304903359,2551,510.2,0.8529871741855414,0.39406746027406603
5,volume__price_zvel26_52,-0.013705855101386265,0.36308396549606853,-0.037748444998556875,2551,510.2,-0.8526470488558494,0.3942559284456573
5,momentum__willr_short_velocity,0.013003813121414062,0.36262655687649914,0.035860068367366736,2551,510.2,0.8099931392239645,0.41832248076144446
5,momentum__rsi_short_velocity,0.012397990093011655,0.3616451011228298,0.03428220112623834,2551,510.2,0.7743528937334316,0.43908152295272135
5,volatility__vol_rs20,-0.014468479384198709,0.4226244053671,-0.0342348411508112,2551,510.2,-0.7732831452104558,0.43971364825878806
5,volatility__vol_park20,-0.013809201382701966,0.42347035021508006,-0.03260960625859234,2551,510.2,-0.7365729778220789,0.461721279647602
5,volume__price_zvel12_26,-0.011539146858629414,0.3635097812958772,-0.03174370389014973,2551,510.2,-0.7170143152313918,0.47369402040440706
5,volatility__vol_park100,-0.013449271230533476,0.4286753127078932,-0.03137402792238247,2551,510.2,-0.7086642196721776,0.4788571727196398
5,momentum__mfi_long_raw,-0.011161398382096151,0.3565460569800141,-0.03130422609812172,2551,510.2,-0.7070875634824205,0.47983552170447374
5,volatility__vol_rs100,-0.01310359573785681,0.4259862678457969,-0.03076060597944014,2551,510.2,-0.6948084857638488,0.48749224001553787
5,volatility__atr_norm,-0.01318199636506183,0.42876492109257375,-0.030744111088826066,2551,510.2,-0.6944359056534938,0.4877255949053256
5,momentum__cci_long_acceleration,0.011025979116923846,0.35944579220317313,0.030674942803869357,2551,510.2,0.6928735596006959,0.488704783621215
5,momentum__cci_long_velocity,0.010929760165354048,0.36093253365734385,0.030282003272474083,2551,510.2,0.683997995803676,0.4942875865088412
5,trend__acceleration_52/104,-0.011368090944727557,0.37638322375715727,-0.030203500653531407,2551,510.2,-0.6822248094811272,0.49540702137292303
5,volatility__vol20,-0.012276825487331174,0.4198679753672472,-0.02923972821835951,2551,510.2,-0.6604554962644015,0.5092602276554634
5,momentum__willr_long_velocity,0.010373828445173015,0.3601325489428698,0.028805584154012926,2551,510.2,0.6506492206613256,0.5155664216240486
5,volatility__vol100,-0.012337407790171414,0.4314664171279519,-0.028594132243930218,2551,510.2,-0.6458730279701075,0.518652539003707
5,trend__velocity_26/52,0.010334628131570506,0.3681423694729191,0.028072368161173394,2551,510.2,0.6340876258064264,0.5263083795533074
5,candle__skew_log,0.009614767827233526,0.35236398814223163,0.0272864655605854,2551,510.2,0.6163359665498636,0.5379482358306827
5,momentum__rsi_short_raw,0.009539930864901465,0.35921283503101564,0.026557878601631134,2551,510.2,0.5998789304941806,0.5488537710886862
5,candle__gap_log,-0.009465093902569404,0.3705643376192557,-0.02554237669868415,2551,510.2,-0.5769411723775656,0.5642341642389153
5,volatility__vol_rs7,-0.010102989914828407,0.4219822035965087,-0.023941744056317344,2551,510.2,-0.5407867109456159,0.5888910808120051
5,momentum__cci_short_velocity,0.008599123338441256,0.36072805504074457,0.02383824384679472,2551,510.2,0.5384488888655594,0.5905024743637813
5,momentum__cmf_long_velocity,-0.008157228894194788,0.353542302734676,-0.023072851059400858,2551,510.2,-0.5211604972136151,0.6024815402788418
5,volatility__vol_park7,-0.009689604789565586,0.4228141836980709,-0.022916934112325985,2551,510.2,-0.5176387064538874,0.6049351733632031
5,trend__rel_52,0.00840312177042871,0.36803042147174786,0.02283268251799609,2551,510.2,0.5157356645333651,0.606262890819376
5,momentum__cmf_long_raw,0.007829371725882899,0.34994783395927603,0.022372968100136933,2551,510.2,0.5053518158286282,0.6135304170381453
5,momentum__mfi_short_raw,-0.007861444709739497,0.3600704094808705,-0.021833076261594756,2551,510.2,-0.49315695103745755,0.6221142994513605
5,candle__range_log,-0.008670396635900357,0.41273224108093215,-0.021007316058452023,2551,510.2,-0.47450500390959105,0.6353432546657325
5,momentum__willr_short_raw,0.006810163572217667,0.3642763279285963,0.018695048374245612,2551,510.2,0.42227640966739866,0.6730015151717443
5,trend__plus_di,-0.0062221588681800385,0.3515131064619246,-0.017701072175680066,2551,510.2,-0.3998248657065211,0.6894531757834577
5,momentum__willr_short_acceleration,0.0063540144684793845,0.36197010341384345,0.017553975890696107,2551,510.2,0.396502312597538,0.6919006103486064
5,volatility__vol7,-0.006307686825130966,0.40951785577416,-0.015402715012772275,2551,510.2,-0.3479104768556704,0.7280511905473036
5,momentum__mfi_long_velocity,-0.005374006628416667,0.3577743440722208,-0.015020659579021864,2551,510.2,-0.33928075878121505,0.734538116339422
5,momentum__rsi_long_raw,-0.0049570578382808865,0.35675787246858154,-0.013894739880526218,2551,510.2,-0.3138489268684652,0.7537643132773103
5,trend__adx,0.004561491037382844,0.34106992009343734,0.01337406428609479,2551,510.2,0.30208811105154365,0.7627082403288865
5,volatility__bb_bandwidth,-0.004746801610776519,0.4073396661085381,-0.011653177939002153,2551,510.2,-0.2632174061702973,0.7924894891040083
5,momentum__mfi_short_acceleration,0.0038808310466483726,0.3559841059511009,0.010901697524612113,2551,510.2,0.2462432617352846,0.805593158457997
5,trend__minus_di,-0.002936459855315204,0.3490000921343641,-0.00841392286562685,2551,510.2,-0.1900503848821257,0.8493453871268775
5,momentum__willr_long_raw,0.0025373293895442064,0.36191398136801606,0.007010863133701641,2551,510.2,0.15835862274887105,0.8742369986636844
5,trend__rel_12,0.002515947400306474,0.36680617599911036,0.006859064991077402,2551,510.2,0.15492986592629718,0.8769379996724824
5,trend__acceleration_12/26,0.0022130358861052715,0.3683342624709497,0.00600822706869365,2551,510.2,0.13571147312619952,0.8921030097126967
5,momentum__cmf_short_velocity,0.001984961334236126,0.3405617187510838,0.005828492237810593,2551,510.2,0.13165169336216148,0.8953117966319741
5,momentum__cci_long_raw,0.0019707066747443056,0.36008295565188275,0.0054729240687790975,2551,510.2,0.12362025921955316,0.9016647309630004
5,momentum__cci_short_raw,0.0016250311820676367,0.36241052241702015,0.004483951435046189,2551,510.2,0.10128173381582332,0.9193666835167723
5,candle__body_size,0.0011475000890916224,0.3471665690392178,0.0033053300387399765,2551,510.2,0.07465949665301377,0.9405149552960941
5,momentum__cci_short_acceleration,0.0010548448023947816,0.35978196345849706,0.0029319001771373233,2551,510.2,0.06622460961429409,0.9472249968795973
5,trend__velocity_12/26,0.0010762267916325124,0.3720212541931094,0.002892917486574202,2551,510.2,0.06534408391141078,0.9479256891034634
5,momentum__mfi_short_velocity,0.0009978261644274999,0.3633255921127872,0.0027463690587415175,2551,510.2,0.06203390558457427,0.9505601726626128
5,momentum__rsi_long_velocity,0.0009657531805708967,0.36825331982799453,0.0026225240305287273,2551,510.2,0.059236542730948326,0.9527869437038591
5,candle__body_log,0.000776878942304268,0.3653151697424824,0.002126599185169082,2551,510.2,0.04803478711250204,0.9617073523931443
5,trend__rel_26,0.0007590606179394905,0.37014247499771036,0.0020507255157468374,2551,510.2,0.04632098246912628,0.9630725761453703
5,momentum__cmf_short_raw,-0.00037774847653326724,0.33708443247237757,-0.0011206345952040424,2551,510.2,-0.02531245407547318,0.9798156566903227
10,trend__velocity_52/104,0.034503403299953675,0.3799655071133853,0.09080667232685817,2551,255.1,1.4503505709443638,0.1481940257524211
10,volume__obv_zvel26_52,-0.029132960336409962,0.33774026650199157,-0.08625847500549115,2551,255.1,-1.377707444478191,0.1695057833054166
10,volume__ad_zvel12_26,-0.027105235023698375,0.3537032885577637,-0.07663269158231699,2551,255.1,-1.223965873227394,0.22209877202129605
10,momentum__mfi_long_raw,-0.025558604468835747,0.3545235289971906,-0.072092829892366,2551,255.1,-1.1514558822178305,0.2506270206620105
10,momentum__cmf_long_velocity,-0.02508463704073269,0.35994914098988945,-0.06968939270628038,2551,255.1,-1.1130685434271195,0.2667308444175007
10,trend__acceleration_26/52,-0.02636755639499661,0.3888413042122334,-0.06781058521654618,2551,255.1,-1.0830605115765284,0.27980822313660164
10,trend__acceleration_52/104,-0.024849435159117635,0.36999917827191126,-0.06716078472167812,2551,255.1,-1.072681995388428,0.2844314980881156
10,volume__obv_zvel12_26,-0.02323153130679591,0.3488294615329335,-0.06659853558442222,2551,255.1,-1.0637018363721737,0.2884735917927494
10,volume__price_zvel26_52,-0.02385160899469014,0.3614857406418732,-0.06598215728326644,2551,255.1,-1.0538571344566452,0.29294938465573106
10,volume__ad_zvel26_52,-0.022144613520544525,0.34204136486734543,-0.06474250133206232,2551,255.1,-1.0340575352583414,0.30209239741373123
10,volume__price_zvel12_26,-0.022736181889455122,0.3688052312204843,-0.06164820876920441,2551,255.1,-0.9846359578542494,0.32573953215634965
10,trend__rel_104,0.022230141477495455,0.36566918970054857,0.060793039456509906,2551,255.1,0.9709773216644312,0.3324829231455631
10,momentum__willr_long_acceleration,0.02072983856598126,0.3649243943422041,0.056805844956865414,2551,255.1,0.9072944482494651,0.3651107234206094
10,momentum__cmf_short_velocity,-0.019981468942660632,0.35291333412517273,-0.05661862845786814,2551,255.1,-0.9043042543655451,0.3666906458366748
10,momentum__mfi_long_velocity,-0.020444745376144827,0.3625920358037516,-0.056384981900733995,2551,255.1,-0.9005724865465579,0.36866839703967363
10,momentum__cci_long_acceleration,0.018730622572253306,0.35712788214031915,0.05244794234490449,2551,255.1,0.8376906803828607,0.40299167047418133
10,momentum__rsi_long_raw,-0.016129147214995903,0.35120202151742225,-0.045925553461530336,2551,255.1,-0.7335160619487378,0.463919946845103
10,momentum__rsi_short_acceleration,0.016471259042799613,0.3587944886572629,0.045907224228669025,2551,255.1,0.7332233101865139,0.4640981387815277
10,momentum__cci_short_velocity,0.016802679875984463,0.36724538337711954,0.04575327733590597,2551,255.1,0.7307644934708178,0.4655962815664795
10,momentum__willr_short_velocity,0.016481950037418477,0.3682165124349628,0.04476157228372436,2551,255.1,0.7149251288978844,0.47531162996047976
10,momentum__rsi_long_velocity,-0.016738533908271267,0.37605025840447714,-0.044511427752477205,2551,255.1,-0.7109298579071467,0.477779752514155
10,momentum__mfi_long_acceleration,0.01562310680303624,0.3515400713234271,0.044441894615941314,2551,255.1,0.7098192850638717,0.47846707129215676
10,momentum__rsi_long_acceleration,0.015473432878372112,0.3557363599210054,0.0434969112569998,2551,255.1,0.6947261523781981,0.487861678831208
10,momentum__mfi_short_raw,-0.01418338619436228,0.36379802616469187,-0.03898697951687468,2551,255.1,-0.6226941980448608,0.5340439189151984
10,volatility__vol_rs20,-0.015665870781511708,0.4198542320033151,-0.037312642311029535,2551,255.1,-0.5959519349465064,0.5517378105530852
10,momentum__cmf_short_raw,-0.012921848829336089,0.34661331087421926,-0.03728030177705793,2551,255.1,-0.5954353967813205,0.5520824071652591
10,volatility__vol_park100,-0.014162004205124552,0.4289719774406288,-0.033013821298116426,2551,255.1,-0.5272918095316688,0.5984510298935763
10,volatility__vol_park20,-0.013766437404226506,0.421442500806583,-0.032665042984225456,2551,255.1,-0.5217211745362141,0.6023189338032156
10,momentum__willr_short_acceleration,0.011845622037703578,0.36762265881730927,0.0322222304680906,2551,255.1,0.5146486393453442,0.6072459189243018
10,volatility__vol_rs100,-0.013320979295107092,0.42848830309201863,-0.031088314894435726,2551,255.1,-0.49653790962128364,0.6199442224656863
10,momentum__cmf_long_acceleration,0.010705249278357861,0.3477868802348257,0.030781061295727077,2551,255.1,0.491630501157864,0.6234049847769981
10,volatility__atr_norm,-0.012351662449663231,0.4238572024352219,-0.029141093695466778,2551,255.1,-0.4654371842526229,0.6420170659122381
10,momentum__mfi_short_acceleration,0.009967570649656105,0.3598073035088984,0.027702524524796362,2551,255.1,0.44246057290280155,0.6585323416923082
10,momentum__cci_long_velocity,0.010138626563557964,0.3680652801554427,0.02754572927736129,2551,255.1,0.4399562626928617,0.6603427634526874
10,volatility__vol_rs7,-0.011325326966252092,0.4187339953700892,-0.027046590655345384,2551,255.1,-0.4319840953744142,0.6661193080916706
10,momentum__rsi_short_velocity,0.009910552011688814,0.3763145172350354,0.026335821653935727,2551,255.1,0.4206317993306448,0.6743794863596551
10,trend__velocity_26/52,0.009532803535155551,0.36578748646658626,0.026061043332127075,2551,255.1,0.41624308112628394,0.6775834930514055
10,volatility__vol100,-0.010630412316025803,0.4309110029067272,-0.024669623760632562,2551,255.1,-0.39401953611324475,0.6938970719331538
10,volatility__vol20,-0.00992480667118064,0.4176295095449913,-0.023764620182117276,2551,255.1,-0.3795649544930557,0.7045854008837098
10,trend__plus_di,-0.007216421367734577,0.35512350802463155,-0.0203208776796439,2551,255.1,-0.3245620149880216,0.7457796107521644
10,volatility__vol_park7,-0.008485086062506678,0.4202025374213431,-0.020192848226422203,2551,255.1,-0.3225171477352123,0.7473261557593752
10,momentum__cci_short_acceleration,0.006282741171020278,0.36393216970384434,0.01726349494229367,2551,255.1,0.27572995578921966,0.7829795879953607
10,momentum__cci_long_raw,-0.005986956986564981,0.35725839916971786,-0.01675805803440562,2551,255.1,-0.2676571931920711,0.7891803329928612
10,trend__adx,0.005577135526175117,0.33525688209640825,0.01663540951434168,2551,255.1,0.2656982693977939,0.7906870399159689
10,momentum__mfi_short_velocity,0.005869356045757459,0.3631879431556672,0.016160657743095216,2551,255.1,0.25811560520759314,0.7965266218627002
10,candle__gap_log,-0.005976265991946118,0.3760205174349991,-0.015893457178115838,2551,255.1,-0.2538479178004435,0.7998183349822995
10,trend__minus_di,-0.005552189872064427,0.3534978107116367,-0.0157064335444883,2551,255.1,-0.25086080433332486,0.8021244615223573
10,momentum__cmf_short_acceleration,0.005377570293289621,0.3454270735444492,0.015567888869016635,2551,255.1,0.24864798952552797,0.8038339299118402
10,volatility__bb_bandwidth,-0.006133067246356153,0.4128265151572808,-0.014856282290926844,2551,255.1,-0.23728231583246137,0.8126289766173134
10,candle__body_log,-0.005178005060404119,0.3686804967505152,-0.014044694813102785,2551,255.1,-0.22431976218225708,0.8226887664448226
10,trend__rel_52,0.004846584227219272,0.3627615569553288,0.013360247618013422,2551,255.1,0.2133878740870084,0.8311955472009245
10,candle__body_size,0.00426570685292755,0.3461270934431225,0.01232410560668379,2551,255.1,0.19683876905756562,0.8441110591744625
10,volatility__vol7,-0.004989130822137487,0.4064173150752558,-0.012275881555916622,2551,255.1,-0.1960685417408806,0.8447132286691343
10,momentum__cmf_long_raw,0.004194433555468444,0.3515499374278312,0.011931259570568146,2551,255.1,0.1905642910024433,0.8490191298338475
10,candle__range_log,-0.0044652720858130565,0.4049883234140398,-0.011025681057100467,2551,255.1,-0.17610052660729844,0.8603552311536716
10,trend__rel_12,-0.003980613663091122,0.36677009348447975,-0.01085315769689266,2551,255.1,-0.1733450093356384,0.8625182535184099
10,candle__skew_log,0.003485264245750329,0.35698321195945076,0.009763104059207736,2551,255.1,0.1559348358840042,0.8762081955805223
10,trend__acceleration_12/26,0.0031645344071843475,0.38248032257489517,0.008273718203018629,2551,255.1,0.13214658804352672,0.8949729251213526
10,trend__rel_26,-0.0030255514771390913,0.368051469795975,-0.008220457532247516,2551,255.1,-0.1312959165864369,0.895645115535525
10,momentum__cci_short_raw,0.0029542781796799812,0.36243918792651564,0.008151100317217793,2551,255.1,0.13018815353511193,0.8965205695627697
10,momentum__willr_long_raw,-0.0027404582873026633,0.35730409865457946,-0.007669820462798488,2551,255.1,-0.12250122377813852,0.9025989066715959
10,momentum__willr_short_raw,0.002327073162039842,0.3641862974573656,0.006389787804447164,2551,255.1,0.10205673386020798,0.918792132493393
10,momentum__willr_long_velocity,0.0011795730729482195,0.3631378067048145,0.003248279444247083,2551,255.1,0.05188103281213585,0.9586642491971005
10,momentum__rsi_short_raw,0.0007804426071772215,0.3651598300458291,0.00213726303651547,2551,255.1,0.03413604513675879,0.9727954648464981
10,trend__velocity_12/26,-0.000648587006877871,0.3673957637619271,-0.0017653633243799626,2551,255.1,-0.02819611863126739,0.9775278649658408
21,trend__acceleration_26/52,-0.054057232457859664,0.37280489789883814,-0.1450014009003934,2551,121.47619047619048,-1.598150886510026,0.11262889936700549
21,volume__price_zvel12_26,-0.05216849007519332,0.3655589373041021,-0.14270883502376325,2551,121.47619047619048,-1.5728830879551972,0.11836844860267581
21,momentum__mfi_long_velocity,-0.04586436691493531,0.3463295895495883,-0.132429824938098,2551,121.47619047619048,-1.4595917060868522,0.14700491475452318
21,trend__acceleration_52/104,-0.04478457645842984,0.35028262057628323,-0.12785269330448218,2551,121.47619047619048,-1.4091442832860128,0.1613684212780576
21,trend__velocity_52/104,0.04517657959445494,0.3846860977200252,0.11743751558013017,2551,121.47619047619048,1.2943521129347297,0.1980193200913844
21,momentum__mfi_long_raw,-0.03972773600370621,0.34003987450001777,-0.11683258047933473,2551,121.47619047619048,-1.2876847458499014,0.20032376012792488
21,volume__obv_zvel12_26,-0.03516268130145041,0.33235938481406874,-0.10579716688644555,2551,121.47619047619048,-1.1660565691083844,0.2458947727434654
21,volume__ad_zvel26_52,-0.030537044296354367,0.31862373627168006,-0.09584045637553013,2551,121.47619047619048,-1.056317451893414,0.2929367970440705
21,momentum__rsi_long_velocity,-0.03503795303089697,0.36638098591006224,-0.09563256385662423,2551,121.47619047619048,-1.0540261387659187,0.29398023602997436
21,volume__obv_zvel26_52,-0.02982074765689035,0.343464226009917,-0.08682344593299601,2551,121.47619047619048,-0.9569353552866013,0.34051621908630497
21,momentum__mfi_short_raw,-0.02943587185061117,0.3486750422706854,-0.08442207867507576,2551,121.47619047619048,-0.9304683888417897,0.3539893432521813
21,trend__rel_104,0.030098713516980857,0.36674740890970714,0.0820693283327085,2551,121.47619047619048,0.9045372597489478,0.3675158353905141
21,momentum__cmf_long_velocity,-0.028142261501728386,0.3514830335241415,-0.08006719760996783,2551,121.47619047619048,-0.8824705281891959,0.37927979604578554
21,volume__ad_zvel12_26,-0.027575638786928477,0.34603657544662364,-0.07968995402100792,2551,121.47619047619048,-0.8783126912829122,0.3815223571066741
21,trend__plus_di,-0.026520793984533695,0.35438158595373087,-0.07483682853656039,2551,121.47619047619048,-0.8248233680960134,0.4111020084429579
21,momentum__cmf_short_velocity,-0.02427568511457183,0.35820044576507093,-0.06777123088923585,2551,121.47619047619048,-0.7469490091334291,0.4565496112382863
21,momentum__rsi_long_raw,-0.021716973735789888,0.33767467406846186,-0.06431330331686906,2551,121.47619047619048,-0.7088370324149305,0.4797950019802024
21,volume__price_zvel26_52,-0.02180962902248673,0.3509349393258976,-0.06214721470703463,2551,121.47619047619048,-0.684963218709888,0.494682851779847
21,momentum__cci_long_raw,-0.02148533551904779,0.35312665246319397,-0.060843143300510806,2551,121.47619047619048,-0.670590234300999,0.5037651076071333
21,momentum__willr_long_velocity,-0.020558782652079402,0.36432842353876804,-0.0564292581193346,2551,121.47619047619048,-0.6219420524803564,0.5351551900817938
21,momentum__mfi_short_acceleration,0.019749830725918533,0.3564628489797138,0.05540501845408998,2551,121.47619047619048,0.6106532682421003,0.5425794534337524
21,trend__acceleration_12/26,-0.020277253127115924,0.3772367728617517,-0.05375205861637209,2551,121.47619047619048,-0.5924349668076957,0.5546696564758349
21,momentum__rsi_short_acceleration,0.018463347706781656,0.3546240853210005,0.05206456208429528,2551,121.47619047619048,0.5738360149218878,0.5671485171693369
21,momentum__willr_short_acceleration,0.018580948647589184,0.35788142541358264,0.051919287585591424,2551,121.47619047619048,0.5722348540541362,0.5682291426314771
21,momentum__rsi_short_velocity,-0.018609457966572825,0.3697595146746425,-0.05032854389953317,2551,121.47619047619048,-0.5547022756355968,0.5801266641817471
21,momentum__rsi_short_raw,-0.017351484266419588,0.35109014745455513,-0.049421735107692114,2551,121.47619047619048,-0.5447077703027042,0.5869613806803304
21,momentum__mfi_short_velocity,-0.017779124051174232,0.36196514336902885,-0.04911833190813114,2551,121.47619047619048,-0.5413637743872343,0.5892565660251832
21,momentum__cci_long_acceleration,0.017123409714550442,0.36109434227792825,0.047420875127893426,2551,121.47619047619048,0.5226550443935642,0.6021741451215343
21,trend__velocity_26/52,0.017668650440112614,0.37423372241961983,0.047212876289916904,2551,121.47619047619048,0.5203625594572733,0.6037658566185754
21,momentum__mfi_long_acceleration,0.016032928263426106,0.35231394568272717,0.0455075039177257,2551,121.47619047619048,0.5015665867871936,0.6168877463915647
21,trend__velocity_12/26,-0.01536652293218346,0.34772326379583235,-0.04419181726421963,2551,121.47619047619048,-0.48706558349609747,0.6270968646169802
21,momentum__cci_short_acceleration,0.015690816435622396,0.3587185039252383,0.0437413076379594,2551,121.47619047619048,0.4821002358917411,0.6306094293552147
21,momentum__cci_long_velocity,-0.01484979152560493,0.36227321600614776,-0.04099058630200509,2551,121.47619047619048,-0.45178282023713484,0.652237741682596
21,momentum__willr_long_raw,-0.014115676561776133,0.34997060591736345,-0.040333891827215876,2551,121.47619047619048,-0.4445449808056969,0.6574461789840617
21,trend__rel_26,-0.014076476248173622,0.3566006419792255,-0.03947406311454054,2551,121.47619047619048,-0.43506827222994454,0.6642912450099515
21,momentum__willr_long_acceleration,0.014047966929189979,0.36337318999784457,0.03865988827979661,2551,121.47619047619048,0.42609474352028753,0.6707991136498415
21,candle__skew_log,0.013573999501086917,0.3542210513665327,0.03832070242217515,2551,121.47619047619048,0.42235636461026743,0.6735177279552282
21,trend__rel_12,-0.011834931043084708,0.36207917840191234,-0.03268603042936589,2551,121.47619047619048,-0.3602531298512652,0.7192886512819714
21,momentum__cmf_long_acceleration,0.00981789672499198,0.3496149552910083,0.028082027317223535,2551,121.47619047619048,0.3095095397240248,0.7574686327784833
21,volatility__bb_bandwidth,-0.009846406043975629,0.3834623956876767,-0.02567763137847642,2551,121.47619047619048,-0.28300919229862703,0.7776554873087614
21,volatility__vol_rs20,-0.009525676205409636,0.4007556533321725,-0.023769287160907825,2551,121.47619047619048,-0.26197614031336686,0.7937872272815332
21,momentum__cmf_long_raw,0.007939845336944511,0.3435267583412939,0.023112742003801267,2551,121.47619047619048,0.2547399466052489,0.7993582838196692
21,candle__gap_log,0.008274829835002316,0.3711267074623576,0.02229650862796397,2551,121.47619047619048,0.24574372943015055,0.8062987739144355
21,momentum__cmf_short_raw,-0.007230676027226403,0.34222115593977986,-0.02112866461271253,2551,121.47619047619048,-0.2328721920747176,0.8162558207541778
21,volatility__vol_park100,-0.008445885748904165,0.4088017261747519,-0.020660102949990412,2551,121.47619047619048,-0.22770788171623796,0.8202593373257637
21,volatility__vol_rs100,-0.008456576743523039,0.4136883115514983,-0.020441903982753244,2551,121.47619047619048,-0.22530297479285455,0.8221253143142786
21,momentum__willr_short_raw,-0.006906382523787466,0.3548809463182685,-0.01946112518983649,2551,121.47619047619048,-0.21449319993801108,0.8305251012040773
21,candle__body_log,-0.006371832792844162,0.3597196728081852,-0.017713328668131644,2551,121.47619047619048,-0.1952296442533283,0.8455420437848974
21,volatility__vol_rs7,-0.006175831224831614,0.3961150548118996,-0.015591003547603833,2551,121.47619047619048,-0.17183817526218415,0.8638530625121787
21,momentum__rsi_long_acceleration,0.005327678985068242,0.3616507671332124,0.014731557262550519,2551,121.47619047619048,0.16236568165980006,0.8712899046699141
21,volatility__vol_park7,-0.0058159010726631264,0.3984735063867544,-0.014595452343620233,2551,121.47619047619048,-0.16086558445042048,0.8724687042455761
21,momentum__cci_short_raw,-0.005217205374006629,0.3582272300920268,-0.01456395532150461,2551,121.47619047619048,-0.16051843612285993,0.8727415397268236
21,volatility__vol_park20,-0.005455970920494641,0.3999838823497735,-0.013640476932326897,2551,121.47619047619048,-0.15034020475976412,0.8807476289955971
21,volatility__atr_norm,-0.005277787676846865,0.40102005714109396,-0.01316090699919765,2551,121.47619047619048,-0.14505456538652425,0.8849101846187978
21,volatility__vol100,-0.004155233241865935,0.40251297194923485,-0.01032322814776264,2551,121.47619047619048,-0.11377873671251788,0.9096025840879112
21,volatility__vol7,-0.003552973878336478,0.39328092556802974,-0.009034188152412402,2551,121.47619047619048,-0.09957142286228134,0.9208500780055945
21,momentum__cci_short_velocity,0.003253626029008231,0.36335123573487427,0.00895449281307054,2551,121.47619047619048,0.09869305081601809,0.9215460083699382
21,momentum__cmf_short_acceleration,0.0028152952496347224,0.34562400154002354,0.008145543240892976,2551,121.47619047619048,0.0897771129844549,0.928613417061003
21,trend__minus_di,-0.0022272905455970886,0.35897727725667333,-0.006204544651455884,2551,121.47619047619048,-0.06838415679809035,0.9455932007419244
21,volatility__vol20,-0.0022094722212323142,0.39229110732039446,-0.00563222611984365,2551,121.47619047619048,-0.06207627726739179,0.9506049568155792
21,candle__range_log,0.0005274224011973894,0.3931128617084657,0.0013416564365388997,2551,121.47619047619048,0.014787232469012014,0.9882263855502831
21,trend__adx,0.00038843947115213193,0.3230183138279412,0.001202530799411695,2551,121.47619047619048,0.013253842040157811,0.9894471968292085
21,trend__rel_52,-0.00029222051958233694,0.35396613230920626,-0.0008255606763165364,2551,121.47619047619048,-0.009099019171748636,0.9927551832393979
21,candle__body_size,0.00023520188161505278,0.34399401793696466,0.0006837382900598942,2551,121.47619047619048,0.007535906188593965,0.9939997381039154
21,momentum__willr_short_velocity,-0.00018174690852072175,0.36660746920081166,-0.0004957534250922986,2551,121.47619047619048,-0.0054640077329038365,0.99564941163319
63,momentum__cmf_long_raw,0.07547842200919425,0.35931768702294403,0.21006041376519996,2551,40.492063492063494,1.3366852975011358,0.1889754153904157
63,trend__velocity_52/104,0.07749189266241402,0.38137850363097076,0.2031889367770887,2551,40.492063492063494,1.2929597706515485,0.20353800053531126
63,trend__velocity_26/52,0.07441644987705356,0.3689546004678597,0.20169541125842694,2551,40.492063492063494,1.2834559637873506,0.20681265716544572
63,trend__rel_104,0.06966252093653112,0.36659766035649466,0.1900244558811107,2551,40.492063492063494,1.2091897363672324,0.23377950635251535
63,trend__rel_52,0.04817005808773743,0.37021361808872816,0.1301142252314247,2551,40.492063492063494,0.8279607220854185,0.41266838596181826
63,volume__ad_zvel26_52,0.04018744877231745,0.3349617496028691,0.11997623256972986,2551,40.492063492063494,0.763449253721802,0.44973250694532574
63,trend__velocity_12/26,0.03800292220519582,0.3664772739962765,0.10369789589076113,2551,40.492063492063494,0.6598647043222532,0.5131708721338007
63,momentum__cmf_short_raw,0.03308506468051744,0.3625691205195109,0.09125174431046737,2551,40.492063492063494,0.5806656418732707,0.5647649005214345
63,trend__acceleration_26/52,-0.03440362068351092,0.3773976950450161,-0.091160124015615,2551,40.492063492063494,-0.5800826310199322,0.5651541168624249
63,volume__price_zvel26_52,0.03255051494957414,0.36351848337147896,0.08954294331248851,2551,40.492063492063494,0.5697919644896454,0.5720460879643258
63,momentum__mfi_long_raw,0.027864295641637865,0.3352620202160852,0.08311199587617647,2551,40.492063492063494,0.5288696758344898,0.5998559581245418
63,momentum__rsi_long_raw,0.028562773956737106,0.3699616814934897,0.07720468195904157,2551,40.492063492063494,0.4912794439615571,0.6259481278076177
63,trend__acceleration_12/26,-0.028192152809949755,0.37037577902186836,-0.0761177010127468,2551,40.492063492063494,-0.48436261739946074,0.6308040694540367
63,momentum__willr_long_raw,0.02613948184312747,0.36232411885854854,0.07214391889084351,2551,40.492063492063494,0.4590761008082944,0.6486964131554741
63,volume__obv_zvel26_52,0.02218025016927408,0.3567939357782561,0.062165434849371676,2551,40.492063492063494,0.395579639621209,0.6945440862279243
63,volatility__vol20,-0.022294287445208654,0.3743197995954813,-0.0595594661818626,2551,40.492063492063494,-0.3789969816078738,0.706720211485855
63,volatility__vol_rs20,-0.02284665550051672,0.3840402749092514,-0.059490259207619245,2551,40.492063492063494,-0.378556594276927,0.7070446559758814
63,volatility__atr_norm,-0.022568689640426205,0.3799131225362989,-0.059404869960157466,2551,40.492063492063494,-0.37801323368079665,0.7074450396257925
63,trend__rel_26,0.02177755603863013,0.3702760977448883,0.058814371684435235,2551,40.492063492063494,0.37425569388922053,0.7102161350154508
63,momentum__mfi_short_velocity,-0.020184597840419084,0.3523287432048834,-0.05728910351399147,2551,40.492063492063494,-0.3645498978202023,0.7173922809174688
63,volatility__vol_park20,-0.02130715227540002,0.37757258873501054,-0.05643193629809257,2551,40.492063492063494,-0.3590954535750684,0.7214365638537903
63,volatility__vol_park100,-0.021114714372260434,0.37777073352457224,-0.055892933195914235,2551,40.492063492063494,-0.35566559494975586,0.7239838428690931
63,trend__adx,0.016485513702291437,0.317818849833152,0.05187078649031036,2551,40.492063492063494,0.3300713181919139,0.743090657651951
63,momentum__cmf_short_velocity,-0.01838494707957664,0.3599026555214106,-0.05108311038422699,2551,40.492063492063494,-0.3250590693282538,0.7468522008815066
63,volatility__vol_park7,-0.019005024767470867,0.38298590988824494,-0.04962330017053766,2551,40.492063492063494,-0.31576980432679747,0.7538400364668222
63,volatility__vol7,-0.018245964149531384,0.3689405431610567,-0.049455025986575626,2551,40.492063492063494,-0.3146990189102626,0.7546468931587801
63,momentum__mfi_long_velocity,-0.017237446990485017,0.35117689814806285,-0.049084797665754715,2551,40.492063492063494,-0.312343131171638,0.7564230762333936
63,momentum__cci_long_velocity,-0.01754748583443213,0.35930412135295164,-0.04883741875366601,2551,40.492063492063494,-0.310768975676208,0.7576106309117824
63,momentum__cmf_long_acceleration,-0.016995117779124054,0.353498317967486,-0.048076941007360686,2551,40.492063492063494,-0.30592979915387963,0.7612650521750775
63,volatility__vol_rs7,-0.01802501692740814,0.3886099631850598,-0.04638331137903547,2551,40.492063492063494,-0.29515266231492676,0.7694234529944577
63,volatility__vol_rs100,-0.01781832436477674,0.3844366508780141,-0.04634918217105863,2551,40.492063492063494,-0.294935486647697,0.76958813345042
63,momentum__rsi_long_acceleration,-0.01648551370229144,0.3657870970116617,-0.045068603668559325,2551,40.492063492063494,-0.2867867335061357,0.7757749241265721
63,momentum__cci_long_acceleration,-0.015195467018281601,0.3554190397696968,-0.042753666286780546,2551,40.492063492063494,-0.27205600577216943,0.7869962824185452
63,momentum__rsi_short_velocity,-0.01551619685684758,0.3649365646879311,-0.04251751772288418,2551,40.492063492063494,-0.27055331277195893,0.7881436127378828
63,volatility__vol100,-0.013966002637112016,0.3709119917017727,-0.037653144006034756,2551,40.492063492063494,-0.23959966133275204,0.8118798666141211
63,trend__plus_di,-0.013328106624852997,0.35731714341728826,-0.03730049584911166,2551,40.492063492063494,-0.23735564210942103,0.8136079491442291
63,momentum__rsi_short_acceleration,-0.01292184882933609,0.3533907789732123,-0.03656532540798296,2551,40.492063492063494,-0.23267750450986083,0.8172135276785709
63,momentum__willr_short_raw,0.01206300559495385,0.3556493323107165,0.03391825739297294,2551,40.492063492063494,0.2158333174794362,0.8302285927815817
63,momentum__rsi_long_velocity,-0.012494209044581447,0.37900138652966314,-0.03296613017431156,2551,40.492063492063494,-0.20977461069255013,0.8349220572884715
63,trend__minus_di,-0.011760094080752648,0.36071900532871487,-0.032601814451212366,2551,40.492063492063494,-0.20745634680843003,0.8367195600950984
63,momentum__rsi_short_raw,0.011289690317522541,0.35853569608113867,0.0314883300070842,2551,40.492063492063494,0.2003708695460363,0.8422188474602776
63,volatility__bb_bandwidth,-0.010445101742632123,0.36775084896504107,-0.028402658408614712,2551,40.492063492063494,-0.18073569990764202,0.8574993704055843
63,momentum__willr_long_acceleration,-0.010110117244574317,0.356013594304336,-0.028398121325478788,2551,40.492063492063494,-0.18070682891661316,0.8575218808542554
63,momentum__cmf_long_velocity,-0.010323937136951638,0.3676958378431214,-0.028077383735184893,2551,40.492063492063494,-0.1786658673969381,0.8591135037517057
63,volume__price_zvel12_26,-0.010184954206906384,0.3679194309024733,-0.027682566756323815,2551,40.492063492063494,-0.17615351372978155,0.8610735528959717
63,momentum__cci_long_raw,0.008969744485228609,0.36253583674330575,0.024741676756164812,2551,40.492063492063494,0.15743963825786772,0.8757005936543302
63,momentum__mfi_long_acceleration,-0.008488649727379638,0.35924242855771793,-0.023629307266014664,2551,40.492063492063494,-0.1503612558238764,0.8812449656352898
63,momentum__mfi_short_acceleration,-0.007982609315419976,0.3521389641994019,-0.022668918032313377,2551,40.492063492063494,-0.14424997504728126,0.8860367008729558
63,momentum__willr_long_velocity,-0.008264138840383451,0.3650486345918114,-0.022638459803100516,2551,40.492063492063494,-0.14405615905669553,0.8861887399842564
63,momentum__cci_short_velocity,-0.008036064288514309,0.3637811500640145,-0.022090381228109822,2551,40.492063492063494,-0.14056855013536718,0.8889253355404211
63,momentum__cci_short_acceleration,-0.007868572039485407,0.3567763299012435,-0.022054635860129637,2551,40.492063492063494,-0.14034109029666433,0.8891038628538228
63,momentum__cci_short_raw,0.006838672891201314,0.35960760337949216,0.019017041983910712,2551,40.492063492063494,0.12101185542873809,0.9042952633035721
63,candle__body_size,-0.006193649549196393,0.3438700833087339,-0.01801159754754124,2551,40.492063492063494,-0.1146138731937243,0.9093319348932366
63,momentum__cmf_short_acceleration,-0.006065357613770002,0.36246166964119725,-0.016733790416443572,2551,40.492063492063494,-0.1064827552235886,0.9157384173052178
63,candle__body_log,0.005160186736039341,0.36023741633212114,0.014324405245239443,2551,40.492063492063494,0.09115102433418026,0.9278333695857107
63,volume__obv_zvel12_26,0.004761056270268342,0.33785535750053935,0.014091995774436525,2551,40.492063492063494,0.08967212444507729,0.92900101254598
63,candle__range_log,-0.00471472862691992,0.3844044007722909,-0.012265022506110114,2551,40.492063492063494,-0.07804647702809554,0.9381851880046649
63,momentum__willr_short_velocity,-0.004247888528562771,0.3597076099228378,-0.011809281792714925,2551,40.492063492063494,-0.07514644507943455,0.9404775730216162
63,momentum__willr_short_acceleration,-0.002858059228110187,0.35299757463900167,-0.008096540694459515,2551,40.492063492063494,-0.05152102060981755,0.9591700730758858
63,trend__rel_12,0.002747585617048571,0.3671083789493129,0.007484399089207205,2551,40.492063492063494,0.047625757008917885,0.9622545429705648
63,trend__acceleration_52/104,-0.002070489291187051,0.36712535981301847,-0.005639733774429468,2551,40.492063492063494,-0.035887529130199894,0.971552828705692
63,volume__ad_zvel12_26,0.001468229927657602,0.3595307200714325,0.0040837398466698205,2551,40.492063492063494,0.025986214698999196,0.9793992035056441
63,candle__gap_log,-0.0011082997754891118,0.3598831750640818,-0.0030796098630945026,2551,40.492063492063494,-0.019596596770675646,0.9844638552081335
63,candle__skew_log,-0.0008766615587470161,0.3542366348969319,-0.002474790782162009,2551,40.492063492063494,-0.015747928863002754,0.9875147816240745
63,momentum__mfi_short_raw,0.00019956523288550178,0.3426546053961556,0.0005824093117171943,2551,40.492063492063494,0.003706066983997824,0.9970616511952907
