feature,base,global_removed,sector_removed
candle__body_log,-0.04558088516392336,-0.08042017090750966,-0.06938291810787735
candle__body_size,0.020691191933081894,0.012026049734628055,0.030934631658421495
candle__gap_log,-0.017901692770579295,-0.03888154497030323,-0.04870352404883393
candle__range_log,-0.0719430251608368,0.06584298465180487,0.10255974802207979
candle__skew_log,0.021805569741192566,0.03098136649759743,0.0201595515336459
momentum__cci_long_acceleration,0.01564886204682854,0.010453383107221666,0.014007419782372051
momentum__cci_long_raw,-0.11550152153928721,-0.2368052055720801,-0.24239734291279205
momentum__cci_long_velocity,-0.06242156219556958,-0.08162253156775809,-0.07366507633289453
momentum__cci_short_acceleration,0.01637021644186788,0.006599124113482337,0.01569537357244946
momentum__cci_short_raw,-0.09209357245655676,-0.17676946414378694,-0.17236779110302874
momentum__cci_short_velocity,-0.04595088066402414,-0.06081491026362585,-0.05899208770088886
momentum__cmf_long_acceleration,-0.03658982064315201,-0.05735285192386683,-0.06774501297266383
momentum__cmf_long_raw,-0.10934884162917224,-0.22918702864765983,-0.27342449171355676
momentum__cmf_long_velocity,-0.14596754632060063,-0.140703461309822,-0.13628353934334442
momentum__cmf_short_acceleration,-0.02151002753658609,-0.03595209177775901,-0.003415479363703571
momentum__cmf_short_raw,-0.11236833434339649,-0.215284305660415,-0.228085045622978
momentum__cmf_short_velocity,-0.10538619961416221,-0.11220159250358211,-0.09436683721804812
momentum__mfi_long_acceleration,-0.03462515420805801,-0.051302364140362246,-0.091029462928269
momentum__mfi_long_raw,-0.09871518791198666,-0.20851300649265642,-0.19576218822734556
momentum__mfi_long_velocity,-0.06722009297584544,-0.10022586121499909,-0.04930614011100966
momentum__mfi_short_acceleration,2.5008216116232944e-05,-0.0018912092782748494,-0.004055615744210098
momentum__mfi_short_raw,-0.08213063001577293,-0.17758524566516043,-0.15278195726603958
momentum__mfi_short_velocity,-0.056828496828768,-0.08039740339636134,-0.06621377755305251
momentum__rsi_long_acceleration,-0.027274275368598236,-0.035191752025005615,-0.07847105128920842
momentum__rsi_long_raw,-0.11782948527570085,-0.26042845159564754,-0.2595897098289855
momentum__rsi_long_velocity,-0.07975264506566997,-0.10799589575430213,-0.10513613387435568
momentum__rsi_short_acceleration,0.013298745778113996,0.00458374614526774,0.0067607934972452825
momentum__rsi_short_raw,-0.11138922712449173,-0.22041958912652576,-0.22141507448334397
momentum__rsi_short_velocity,-0.06009666409632363,-0.08070615445713138,-0.08086374771722743
momentum__stochastic_long_acceleration,0.00924553517735364,0.003161722574352575,-0.022721797556852042
momentum__stochastic_long_raw,-0.1165986119886286,-0.2650440608223037,-0.27940881471653123
momentum__stochastic_long_velocity,-0.0875288012318565,-0.11057451214535681,-0.10746066661590009
momentum__stochastic_short_acceleration,-0.0013408780304643353,-0.011548715408751185,-0.005296005533489722
momentum__stochastic_short_raw,-0.09531625619756838,-0.20414760625608847,-0.2208937568801163
momentum__stochastic_short_velocity,-0.07310194957439373,-0.08850668293758213,-0.09024054261592439
momentum__willr_long_acceleration,0.00924553517735364,0.003161722574352575,-0.022721797556852042
momentum__willr_long_raw,-0.1166153366189034,-0.2650440608223037,-0.27940881471653123
momentum__willr_long_velocity,-0.0875288012318565,-0.11057451214535681,-0.10746066661590009
momentum__willr_short_acceleration,-0.0013408780304643353,-0.011548715408751185,-0.005296005533489722
momentum__willr_short_raw,-0.09531594426282447,-0.20414760625608847,-0.2208937568801163
momentum__willr_short_velocity,-0.07310194957439373,-0.08850668293758213,-0.09024054261592439
trend__acceleration_12/26,-0.05231642348786789,-0.09968275260058418,-0.13392598839661643
trend__acceleration_26/52,-0.1101634822042308,-0.19540266699758638,-0.20460513248590523
trend__acceleration_52/104,-0.14341671453577012,-0.246616903285218,-0.2477627584080416
trend__adx,-0.007861323803514822,-0.022619114503508016,-0.00810303992816316
trend__minus_di,0.12417261492312438,0.18817585810064028,0.20627071008907677
trend__plus_di,-0.13646186238658922,-0.2428654343295553,-0.25267914404109443
trend__rel_104,-0.06857338967458787,-0.3189992853049329,-0.4947216445119738
trend__rel_12,-0.12364382815081199,-0.23969829101679607,-0.268130522566677
trend__rel_26,-0.138531707460734,-0.30788913707881216,-0.348655624367914
trend__rel_52,-0.12441842919769742,-0.33053081268804924,-0.40961353925565025
trend__velocity_12/26,-0.13890082992430958,-0.3271071304641042,-0.34886950300589625
trend__velocity_26/52,-0.06381779376079544,-0.2683907379301741,-0.38323737514960077
trend__velocity_52/104,0.004440323169383908,-0.2294225546864666,-0.502650963618763
volatility__atr_norm,-0.06315059164298306,0.1388040105525878,0.16619273145922941
volatility__bb_bandwidth,-0.07747577074406124,0.035887283559942175,0.053653363628272714
volatility__vol100,-0.0627826072663091,0.09986216371735522,0.147959734738135
volatility__vol20,-0.058837783890205324,0.1247176299532517,0.16927104875618323
volatility__vol7,-0.03705571264043155,0.0920510769531257,0.15030284025999807
volatility__vol_park100,-0.08467026508710604,0.05881550196180911,0.129041940603846
volatility__vol_park20,-0.07926583807847662,0.10598470255841018,0.13079293800552028
volatility__vol_park7,-0.06939763124984112,0.09930201260601579,0.1127705155682628
volatility__vol_rs100,-0.08771795528700686,0.08054118312037033,0.13700416609874766
volatility__vol_rs20,-0.0985508855976774,0.06634779607394573,0.059394309997835924
volatility__vol_rs7,-0.08624521140153471,0.06670063903268804,0.06299645662383807
volume__ad_zvel12_26,-0.1401203665517793,-0.14470629123823206,-0.17248329668318024
volume__ad_zvel26_52,-0.09382796095332395,-0.105442042683237,-0.16476739549113242
volume__obv_zvel12_26,-0.08939456148713852,-0.13387043043715732,-0.1485964967974869
volume__obv_zvel26_52,-0.12192549975037702,-0.12793803476933827,-0.15238518468459555
volume__price_zvel12_26,-0.10459890919279351,-0.16450670797404732,-0.1406770988294895
volume__price_zvel26_52,-0.1277274941414639,-0.18925959151345267,-0.2249229879186619
