representation,horizon,feature,ic_mean,ic_std,icir,n_days,n_eff,t_stat,p_value
base,5,volume__ad_zvel26_52,-0.01119438622573683,0.12042355210272017,-0.09295844567172476,2553,510.6,-2.1005317899621403,0.0361728593253436
base,5,trend__rel_12,-0.015356319726722549,0.16807379409002668,-0.0913665322417671,2553,510.6,-2.064560181978264,0.03947003269969173
base,5,trend__rel_26,-0.014765426194709446,0.17034929652111297,-0.08667735350981876,2553,510.6,-1.9586013427991376,0.050704512467401194
base,5,volume__ad_zvel12_26,-0.010597074013753826,0.12302200071690887,-0.08613966568580851,2553,510.6,-1.9464515014453183,0.052149701011256176
base,5,trend__plus_di,-0.011462389800361976,0.1411765938682628,-0.08119185685311238,2553,510.6,-1.834648537565782,0.06714055551095967
base,5,trend__minus_di,0.012500018028777819,0.1539803328953854,0.08117931552512203,2553,510.6,1.8343651479507586,0.06718265661246539
base,5,trend__acceleration_52/104,-0.013501153921847989,0.17383637888904988,-0.07766587182804255,2553,510.6,-1.754973758339751,0.0798646920346714
base,5,momentum__cmf_long_velocity,-0.009534286238333823,0.12451635421378326,-0.07657055411343251,2553,510.6,-1.7302234555241043,0.08419577612793118
base,5,volatility__vol_rs20,-0.015494679573901288,0.21088603983534254,-0.07347418343101023,2553,510.6,-1.6602564395640569,0.0974780227831683
base,5,candle__range_log,-0.012674188248904289,0.17955007965555578,-0.07058859719370843,2553,510.6,-1.5950524058656603,0.11132047418390993
base,5,volatility__vol_rs100,-0.015141662026130454,0.21560489475858322,-0.07022874894878826,2553,510.6,-1.5869211094293345,0.11315077197272547
base,5,volume__price_zvel26_52,-0.010543369936858381,0.15112005057264152,-0.06976817369307532,2553,510.6,-1.5765137391328106,0.1155280020620294
base,5,momentum__willr_short_raw,-0.01069816800662837,0.15343267576750594,-0.06972548678509088,2553,510.6,-1.575549166128297,0.11575030739670092
base,5,momentum__stochastic_short_raw,-0.010697849020169877,0.1534319966199208,-0.06972371640753924,2553,510.6,-1.5755091618629435,0.11575953446643704
base,5,momentum__cci_short_raw,-0.01061359797519483,0.1532619584383066,-0.06925135293418022,2553,510.6,-1.5648354195790903,0.11824224380077725
base,5,volatility__vol_park20,-0.014758252767430265,0.21444141645977163,-0.0688218396011148,2553,510.6,-1.5551299387720796,0.12053591923024443
base,5,volatility__vol_rs7,-0.013656239656850352,0.20144956534654243,-0.06778986905907831,2553,510.6,-1.5318110578012516,0.12618959407742492
base,5,trend__acceleration_26/52,-0.011521072648753714,0.17083667589764676,-0.06743910573193501,2553,510.6,-1.5238850483451631,0.12815773884648596
base,5,trend__rel_52,-0.011776824455614754,0.17494639091273007,-0.06731676140429489,2553,510.6,-1.521120499651684,0.12884981960099903
base,5,volatility__vol_park100,-0.014746195523664648,0.2192393078919948,-0.0672607283130503,2553,510.6,-1.5198543501523178,0.12916775995069393
base,5,trend__velocity_12/26,-0.01155395656411238,0.17311394645163578,-0.06674191652918214,2553,510.6,-1.5081310404826345,0.13214067673331195
base,5,momentum__willr_short_velocity,-0.009535807254256361,0.14432656936033061,-0.06607104496781144,2553,510.6,-1.492971718148254,0.1360634311218919
base,5,momentum__stochastic_short_velocity,-0.009535807254256361,0.14432656936033061,-0.06607104496781144,2553,510.6,-1.492971718148254,0.1360634311218919
base,5,momentum__cmf_short_raw,-0.00869007431667054,0.13158639217000068,-0.06604082818414501,2553,510.6,-1.4922889258078367,0.13624221595912767
base,5,momentum__cci_long_raw,-0.010303914182185703,0.15777120053950727,-0.0653092208650939,2553,510.6,-1.475757190360551,0.14062668203913373
base,5,momentum__willr_long_raw,-0.010354634841900339,0.1601986418226448,-0.06463622115700525,2553,510.6,-1.4605497794441975,0.14475527726104204
base,5,momentum__stochastic_long_raw,-0.010353343337462712,0.16019751389384496,-0.06462861430123919,2553,510.6,-1.4603778914329166,0.14480246911110842
base,5,volatility__vol20,-0.013436863327126534,0.21271592736828693,-0.06316811107361295,2553,510.6,-1.4273756888164377,0.15408409423412667
base,5,volume__obv_zvel26_52,-0.008113245956058982,0.12940039399380845,-0.06269877320811855,2553,510.6,-1.4167703145593695,0.15716110527057736
base,5,momentum__willr_long_velocity,-0.00930955426712272,0.14987072355705772,-0.06211723041143824,2553,510.6,-1.4036295060742074,0.16103826767034563
base,5,momentum__stochastic_long_velocity,-0.00930955426712272,0.14987072355705772,-0.06211723041143824,2553,510.6,-1.4036295060742074,0.16103826767034563
base,5,momentum__mfi_short_raw,-0.00866225072631491,0.14038458851998625,-0.06170371561178658,2553,510.6,-1.3942855354859347,0.16383896781500304
base,5,volatility__vol_park7,-0.012305319334011768,0.20512976474205036,-0.059987975657680125,2553,510.6,-1.3555158864146077,0.1758536945106977
base,5,momentum__cmf_long_raw,-0.008070746487553527,0.13537539255691192,-0.05961752970844077,2553,510.6,-1.3471451193776038,0.17853220929619978
base,5,volatility__atr_norm,-0.012848959035951263,0.2234083265831021,-0.05751333995678887,2553,510.6,-1.299597880032984,0.19432640691656863
base,5,volatility__vol100,-0.012949202813743269,0.22587963444104672,-0.057327889899356714,2553,510.6,-1.2954073652468159,0.19576623527369263
base,5,momentum__cci_short_velocity,-0.008198800100169717,0.14454116268623926,-0.05672294277836376,2553,510.6,-1.2817377018858431,0.20051752345940782
base,5,candle__body_log,-0.00841583120226663,0.15457244333131342,-0.054445870304501695,2553,510.6,-1.2302839250414455,0.21915841064106967
base,5,momentum__cmf_short_velocity,-0.006708901199917244,0.12491662476876808,-0.053707032289225104,2553,510.6,-1.2135888014568534,0.2254669552650217
base,5,volatility__bb_bandwidth,-0.009645822885181024,0.1826208149265873,-0.052818857965662894,2553,510.6,-1.193519205970512,0.23322141973218294
base,5,momentum__mfi_short_velocity,-0.006973811802251922,0.13422042675955906,-0.05195790216599988,2553,510.6,-1.174064652767989,0.24091751049780505
base,5,trend__acceleration_12/26,-0.008233229478144912,0.1660504776636497,-0.04958269072144475,2553,510.6,-1.1203932826077247,0.2630739396377413
base,5,momentum__rsi_long_raw,-0.008136366697781332,0.1644734626496604,-0.04946917616194622,2553,510.6,-1.117828255415981,0.26416704618225084
base,5,momentum__rsi_short_raw,-0.00754327775061471,0.15559807421003624,-0.04847924878833854,2553,510.6,-1.0954594012146124,0.2738328720098594
base,5,momentum__mfi_long_raw,-0.006715327464338637,0.14291576749236767,-0.04698800966588424,2553,510.6,-1.0617626761831687,0.28884635355531907
base,5,momentum__rsi_long_velocity,-0.006611801126578551,0.14724770460308173,-0.04490257518377759,2553,510.6,-1.0146392395347366,0.31075931268853696
base,5,volatility__vol7,-0.008267031514740019,0.19201456293905264,-0.043054190204125604,2553,510.6,-0.9728722824627714,0.3310783354129196
base,5,momentum__mfi_short_acceleration,-0.005300832426954629,0.12908331222130176,-0.04106520305170685,2553,510.6,-0.9279282140320676,0.3538840930355474
base,5,momentum__cci_long_velocity,-0.005756911611364199,0.14717733506671088,-0.039115476637450804,2553,510.6,-0.8838712992968911,0.3771824877097516
base,5,momentum__mfi_long_velocity,-0.004940809255738855,0.13009796447989164,-0.037977606148499904,2553,510.6,-0.8581594544222285,0.39120785521692314
base,5,momentum__mfi_long_acceleration,-0.004876774519302532,0.12966122497487792,-0.03761166470737427,2553,510.6,-0.8498904733221847,0.39578508927263356
base,5,momentum__willr_short_acceleration,-0.005111021877222938,0.14038394545742408,-0.03640745286485069,2553,510.6,-0.8226795487118234,0.41107502955079406
base,5,momentum__stochastic_short_acceleration,-0.005111021877222938,0.14038394545742408,-0.03640745286485069,2553,510.6,-0.8226795487118234,0.41107502955079406
base,5,momentum__rsi_short_velocity,-0.005032545401422602,0.14609523351239295,-0.034447019799559046,2553,510.6,-0.7783807015658605,0.43670586812903056
base,5,momentum__cci_short_acceleration,-0.004884530991572146,0.14278357466126967,-0.03420933397388239,2553,510.6,-0.7730098433372246,0.43987494767538127
base,5,volume__price_zvel12_26,-0.0050581926566430555,0.15085497803022402,-0.0335301673348137,2553,510.6,-0.7576630816122758,0.44900290898446993
base,5,momentum__rsi_long_acceleration,-0.004820773384924707,0.14377903754585458,-0.03352904197447592,2553,510.6,-0.7576376524525305,0.44901812268227986
base,5,volume__obv_zvel12_26,-0.0038717563194681837,0.12701260973500644,-0.030483243573579403,2553,510.6,-0.6888133910240177,0.4912541790780419
base,5,trend__velocity_52/104,0.006031553821634876,0.20127552134383653,0.029966653576970474,2553,510.6,0.6771402858810436,0.4986242186285444
base,5,momentum__stochastic_long_acceleration,-0.004032511199486591,0.14330954692474698,-0.028138468692557487,2553,510.6,-0.6358297794511173,0.5251728094263753
base,5,momentum__willr_long_acceleration,-0.004032511199486591,0.14330954692474698,-0.028138468692557487,2553,510.6,-0.6358297794511173,0.5251728094263753
base,5,trend__rel_104,-0.004642799375042099,0.18588502150521521,-0.02497672667462257,2553,510.6,-0.5643856027295671,0.5727400530102486
base,5,trend__adx,-0.0026525633266955262,0.1232822489858364,-0.02151618216342138,2553,510.6,-0.4861895474509866,0.6270417826942983
base,5,candle__skew_log,0.002665128562973899,0.1304982171745227,0.02042272010053341,2553,510.6,0.46148117579506515,0.6446503395179257
base,5,momentum__cmf_short_acceleration,-0.002335817903210348,0.12234870921090711,-0.019091479740777805,2553,510.6,-0.4313998563889486,0.6663600930891613
base,5,trend__velocity_26/52,-0.003221177996933758,0.18209526042043217,-0.017689521349959984,2553,510.6,-0.39972055982974697,0.6895298279204576
base,5,momentum__cmf_long_acceleration,-0.0016734655918857727,0.12774493442751117,-0.01310005441221922,2553,510.6,-0.29601485420996193,0.7673393247790177
base,5,candle__gap_log,-0.002107901604915134,0.1647505851181417,-0.012794501478726586,2553,510.6,-0.2891104396010515,0.7726144394765352
base,5,momentum__cci_long_acceleration,-0.0014695264769363412,0.14164580896859538,-0.010374655541429774,2553,510.6,-0.2344304879154052,0.8147449495170965
base,5,momentum__rsi_short_acceleration,-0.0013644966882104565,0.1410158492950042,-0.009676193811065442,2553,510.6,-0.21864772543373318,0.8270120083429052
base,5,candle__body_size,-0.0006184787952808797,0.11044359878165708,-0.005599951487488102,2553,510.6,-0.12653907922744512,0.8993551270886577
base,21,momentum__cmf_long_velocity,-0.016663784071043942,0.11416088364220284,-0.14596754632060063,2553,121.57142857142857,-1.6094299086769401,0.11013756698495272
base,21,trend__acceleration_52/104,-0.021686601449914463,0.15121390501875934,-0.14341671453577012,2553,121.57142857142857,-1.5813045817121842,0.1164281826257456
base,21,volume__ad_zvel12_26,-0.015143177053118274,0.10807263373467088,-0.1401203665517793,2553,121.57142857142857,-1.5449592353076527,0.12497682648144111
base,21,trend__velocity_12/26,-0.020752550354391518,0.14940551734428142,-0.13890082992430958,2553,121.57142857142857,-1.5315126934396006,0.12826234456436436
base,21,trend__rel_26,-0.02106708325485249,0.15207408932589553,-0.138531707460734,2553,121.57142857142857,-1.5274427700366393,0.12927007757294728
base,21,trend__plus_di,-0.01775240039314038,0.13009056217369194,-0.13646186238658922,2553,121.57142857142857,-1.504620775335574,0.13503669824592007
base,21,volume__price_zvel26_52,-0.016941024977386768,0.1326341293333746,-0.1277274941414639,2553,121.57142857142857,-1.4083161251482819,0.16161083647631028
base,21,trend__rel_52,-0.018932065666640737,0.1521644806860422,-0.12441842919769742,2553,121.57142857142857,-1.3718305622646334,0.1726634035493585
base,21,trend__minus_di,0.017715250381045183,0.14266632294095397,0.12417261492312438,2553,121.57142857142857,1.3691202279783488,0.173506745045428
base,21,trend__rel_12,-0.019138248790578304,0.15478531421103223,-0.12364382815081199,2553,121.57142857142857,-1.3632898549391042,0.17533146829958848
base,21,volume__obv_zvel26_52,-0.013982964722735972,0.11468449792179534,-0.12192549975037702,2553,121.57142857142857,-1.34434366319786,0.18136114231412
base,21,momentum__rsi_long_raw,-0.016954403782627758,0.1438893138076378,-0.11782948527570085,2553,121.57142857142857,-1.2991812393023565,0.19636057632231152
base,21,momentum__willr_long_raw,-0.016684510609170013,0.1430730390436951,-0.1166153366189034,2553,121.57142857142857,-1.285794104894152,0.2009788717881323
base,21,momentum__stochastic_long_raw,-0.01668171186599021,0.14306955787447204,-0.1165986119886286,2553,121.57142857142857,-1.2856097000668163,0.20104304334544765
base,21,momentum__cci_long_raw,-0.01616129558215155,0.13992279380193595,-0.11550152153928721,2553,121.57142857142857,-1.273513242832304,0.20528564857291806
base,21,momentum__cmf_short_raw,-0.014041224751288422,0.12495713168069734,-0.11236833434339649,2553,121.57142857142857,-1.238966898047727,0.21776423815925428
base,21,momentum__rsi_short_raw,-0.015859243757959315,0.14237681836354407,-0.11138922712449173,2553,121.57142857142857,-1.2281713172379642,0.22177474909329586
base,21,trend__acceleration_26/52,-0.016442892164237968,0.14925900884064902,-0.1101634822042308,2553,121.57142857142857,-1.2146563230847858,0.2268706748996691
base,21,momentum__cmf_long_raw,-0.014008824402086199,0.12811131963878897,-0.10934884162917224,2553,121.57142857142857,-1.205674142186565,0.2303039148598659
base,21,momentum__cmf_short_velocity,-0.012120103154161791,0.11500654923069305,-0.10538619961416221,2553,121.57142857142857,-1.161982275486762,0.24753764942792209
base,21,volume__price_zvel12_26,-0.013572462773146348,0.12975721140772128,-0.10459890919279351,2553,121.57142857142857,-1.1533016558359894,0.25106776815023063
base,21,momentum__mfi_long_raw,-0.012715432905640013,0.12880928633775127,-0.09871518791198666,2553,121.57142857142857,-1.0884280778226205,0.278577003134162
base,21,volatility__vol_rs20,-0.019303334197803394,0.1958717476838009,-0.0985508855976774,2553,121.57142857142857,-1.0866164897992567,0.2793739139761811
base,21,momentum__stochastic_short_raw,-0.013582509787789764,0.14249940492455335,-0.09531625619756838,2553,121.57142857142857,-1.0509516490093251,0.29538262767230056
base,21,momentum__willr_short_raw,-0.01358255983563352,0.14250039634692102,-0.09531594426282447,2553,121.57142857142857,-1.0509482096344842,0.2953842009037432
base,21,volume__ad_zvel26_52,-0.010596211009154314,0.11293233809509672,-0.09382796095332395,2553,121.57142857142857,-1.0345417898357825,0.30295348463569866
base,21,momentum__cci_short_raw,-0.01318186088136682,0.14313551456139992,-0.09209357245655676,2553,121.57142857142857,-1.0154185203808626,0.3119396613678884
base,21,volume__obv_zvel12_26,-0.010027083647468966,0.11216659582710291,-0.08939456148713852,2553,121.57142857142857,-0.9856593781090041,0.3262741066606607
base,21,volatility__vol_rs100,-0.017850354163171774,0.20349715294624338,-0.08771795528700686,2553,121.57142857142857,-0.9671732129881736,0.33539346755078936
base,21,momentum__stochastic_long_velocity,-0.011897356446212684,0.1359250472846941,-0.0875288012318565,2553,121.57142857142857,-0.9650876110761027,0.33643264562508607
base,21,momentum__willr_long_velocity,-0.011897356446212684,0.1359250472846941,-0.0875288012318565,2553,121.57142857142857,-0.9650876110761027,0.33643264562508607
base,21,volatility__vol_rs7,-0.016311568418428297,0.18913013433854298,-0.08624521140153471,2553,121.57142857142857,-0.9509348222167487,0.343539784559658
base,21,volatility__vol_park100,-0.017390486895432065,0.20539072220384916,-0.08467026508710604,2553,121.57142857142857,-0.9335695532450096,0.35239179597884496
base,21,momentum__mfi_short_raw,-0.010564576172795595,0.12863137870446995,-0.08213063001577293,2553,121.57142857142857,-0.9055676806099037,0.36697076668840084
base,21,momentum__rsi_long_velocity,-0.010418088517797339,0.13063000617996895,-0.07975264506566997,2553,121.57142857142857,-0.8793481530672994,0.38096172378625315
base,21,volatility__vol_park20,-0.015753818128018533,0.1987466291900121,-0.07926583807847662,2553,121.57142857142857,-0.8739806467640757,0.38386625120317114
base,21,volatility__bb_bandwidth,-0.013361121736791654,0.1724554865149996,-0.07747577074406124,2553,121.57142857142857,-0.854243465594873,0.3946641882728451
base,21,momentum__stochastic_short_velocity,-0.010242199043448221,0.14010842533036733,-0.07310194957439373,2553,121.57142857142857,-0.8060179607952914,0.4218193499050445
base,21,momentum__willr_short_velocity,-0.010242199043448221,0.14010842533036733,-0.07310194957439373,2553,121.57142857142857,-0.8060179607952914,0.4218193499050445
base,21,candle__range_log,-0.012261143915554941,0.17042852852161502,-0.0719430251608368,2553,121.57142857142857,-0.793239725769146,0.4291963952298476
base,21,volatility__vol_park7,-0.013323177246203537,0.19198317012058014,-0.06939763124984112,2553,121.57142857142857,-0.7651743564936851,0.44566288759957096
base,21,trend__rel_104,-0.011029737269955662,0.1608457350919477,-0.06857338967458787,2553,121.57142857142857,-0.7560863155104246,0.45107214734522394
base,21,momentum__mfi_long_velocity,-0.007978982689730902,0.118699370032083,-0.06722009297584544,2553,121.57142857142857,-0.7411649426630246,0.4600345307335337
base,21,trend__velocity_26/52,-0.010046573714728039,0.15742590150303584,-0.06381779376079544,2553,121.57142857142857,-0.7036513839782559,0.4830065503789908
base,21,volatility__atr_norm,-0.013061420830757654,0.20682974602359036,-0.06315059164298306,2553,121.57142857142857,-0.6962948511693715,0.48758431283651155
base,21,volatility__vol100,-0.01306102216743004,0.20803567637814474,-0.0627826072663091,2553,121.57142857142857,-0.6922374762482085,0.4901192120898677
base,21,momentum__cci_long_velocity,-0.008475617518334443,0.13578028521266336,-0.06242156219556958,2553,121.57142857142857,-0.6882566137217376,0.49261326846699677
base,21,momentum__rsi_short_velocity,-0.008179907743754164,0.13611250918425877,-0.06009666409632363,2553,121.57142857142857,-0.6626224187936798,0.5088370894400112
base,21,volatility__vol20,-0.011446352323939746,0.19454084717567363,-0.058837783890205324,2553,121.57142857142857,-0.6487420768530258,0.5177388345120794
base,21,momentum__mfi_short_velocity,-0.007078615103047067,0.12456101248596983,-0.056828496828768,2553,121.57142857142857,-0.626587791374443,0.5321140351884511
base,21,trend__acceleration_12/26,-0.007830967352510126,0.14968468466362417,-0.05231642348786789,2553,121.57142857142857,-0.5768379259554637,0.5651243655343864
base,21,momentum__cci_short_velocity,-0.006518038522450698,0.14184795651922727,-0.04595088066402414,2553,121.57142857142857,-0.5066518108641249,0.6133244213726097
base,21,candle__body_log,-0.0065104623048156,0.1428331696807095,-0.04558088516392336,2553,121.57142857142857,-0.5025722614098225,0.6161817410687197
base,21,volatility__vol7,-0.006594653899002787,0.1779659175089605,-0.03705571264043155,2553,121.57142857142857,-0.4085741914155324,0.6835769144637293
base,21,momentum__cmf_long_acceleration,-0.004366344287620353,0.11933221346460847,-0.03658982064315201,2553,121.57142857142857,-0.40343729260798494,0.6873411194801822
base,21,momentum__mfi_long_acceleration,-0.004321301371034507,0.12480237185568546,-0.03462515420805801,2553,121.57142857142857,-0.38177499163137574,0.7033002758245115
base,21,momentum__rsi_long_acceleration,-0.0037716597393416176,0.1382863408237072,-0.027274275368598236,2553,121.57142857142857,-0.30072461737008493,0.7641424352699312
base,21,candle__skew_log,0.0027256924078729212,0.12499982528426476,0.021805569741192566,2553,121.57142857142857,0.24042697847462036,0.8104075829104576
base,21,momentum__cmf_short_acceleration,-0.0025539010676295434,0.11873072051096405,-0.02151002753658609,2553,121.57142857142857,-0.2371683468447835,0.8129286955115131
base,21,candle__body_size,0.002212738646443225,0.10694109133971211,0.020691191933081894,2553,121.57142857142857,0.2281399118002246,0.819923927074641
base,21,candle__gap_log,-0.002829186232716745,0.15804015122896076,-0.017901692770579295,2553,121.57142857142857,-0.19738305183013038,0.8438601573619499
base,21,momentum__cci_short_acceleration,0.002253841666329503,0.13767940542100338,0.01637021644186788,2553,121.57142857142857,0.18049708046191096,0.8570653786796548
base,21,momentum__cci_long_acceleration,0.0021524413803899202,0.1375461917901016,0.01564886204682854,2553,121.57142857142857,0.17254346770759402,0.8632995895681668
base,21,momentum__rsi_short_acceleration,0.0018412867716176263,0.13845567110906562,0.013298745778113996,2553,121.57142857142857,0.14663121866951018,0.8836680005428635
base,21,momentum__willr_long_acceleration,0.0012713445021888192,0.1375090222254411,0.00924553517735364,2553,121.57142857142857,0.10194074786648423,0.9189730458694304
base,21,momentum__stochastic_long_acceleration,0.0012713445021888192,0.1375090222254411,0.00924553517735364,2553,121.57142857142857,0.10194074786648423,0.9189730458694304
base,21,trend__adx,-0.0008592356959269806,0.10929911009934658,-0.007861323803514822,2553,121.57142857142857,-0.08667851156024456,0.931070840880928
base,21,trend__velocity_52/104,0.0007857263443246514,0.17695251321846253,0.004440323169383908,2553,121.57142857142857,0.04895875208658668,0.9610331758382613
base,21,momentum__stochastic_short_acceleration,-0.00018512760099799794,0.13806445984791751,-0.0013408780304643353,2553,121.57142857142857,-0.014784445313461856,0.9882285852276143
base,21,momentum__willr_short_acceleration,-0.00018512760099799794,0.13806445984791751,-0.0013408780304643353,2553,121.57142857142857,-0.014784445313461856,0.9882285852276143
base,21,momentum__mfi_short_acceleration,3.1577992370453584e-06,0.12627047136703273,2.5008216116232944e-05,2553,121.57142857142857,0.00027573917623935264,0.9997804476712407
global_removed,5,trend__rel_26,-0.029189205780824103,0.16349684492422661,-0.17853069760674573,2553,510.6,-4.034161749341234,6.319789188036257e-05
global_removed,5,trend__rel_52,-0.029060317358839124,0.16769074315915772,-0.1732970873130281,2553,510.6,-3.9159006842084416,0.0001023250465519927
global_removed,5,trend__velocity_12/26,-0.026606946418207354,0.16439664504248347,-0.16184604260830002,2553,510.6,-3.6571476117280652,0.00028155088607856424
global_removed,5,momentum__willr_long_raw,-0.025078233466799636,0.15563916474808337,-0.16113060942848875,2553,510.6,-3.640981354569525,0.00029935255392022237
global_removed,5,momentum__stochastic_long_raw,-0.025078233466799636,0.15563916474808337,-0.16113060942848875,2553,510.6,-3.640981354569525,0.00029935255392022237
global_removed,5,trend__rel_12,-0.025726059516300755,0.16068712950801348,-0.1601003116744194,2553,510.6,-3.617700272684918,0.00032685401853614426
global_removed,5,trend__plus_di,-0.022366753815263905,0.1420807591200521,-0.15742282032970392,2553,510.6,-3.557198446882186,0.0004098195317246484
global_removed,5,momentum__willr_short_raw,-0.02340067362985857,0.15110310293275156,-0.1548656061700668,2553,510.6,-3.4994144596689303,0.0005071374548533004
global_removed,5,momentum__stochastic_short_raw,-0.02340067362985857,0.15110310293275156,-0.1548656061700668,2553,510.6,-3.4994144596689303,0.0005071374548533004
global_removed,5,trend__rel_104,-0.026642805648481333,0.17717077482573038,-0.15037923537156658,2553,510.6,-3.3980383618253107,0.0007318295044999888
global_removed,5,momentum__cmf_long_raw,-0.018683354119671276,0.12879878711010925,-0.14505846319576748,2553,510.6,-3.2778077467192803,0.0011175479723956325
global_removed,5,momentum__cmf_short_raw,-0.018280969797954755,0.1279371925534758,-0.14289019035894185,2553,510.6,-3.2288124565102807,0.0013231696283403994
global_removed,5,trend__acceleration_52/104,-0.023050561681173642,0.16299833516871756,-0.14141593321989634,2553,510.6,-3.1954994641859513,0.0014824036115606443
global_removed,5,momentum__rsi_long_raw,-0.02210174986295114,0.1600718224215447,-0.1380739566064713,2553,510.6,-3.119982623654865,0.001911073918716199
global_removed,5,momentum__cci_long_raw,-0.020724514337169604,0.1561656748852879,-0.1327085119850625,2553,510.6,-2.998742569422992,0.002843428859309946
global_removed,5,momentum__cci_short_raw,-0.019588131987152188,0.15175530719196167,-0.1290770803974212,2553,510.6,-2.9166850711742507,0.003693720839363355
global_removed,5,trend__velocity_26/52,-0.02143646765708254,0.17273765220283924,-0.12409840809871904,2553,510.6,-2.8041847022227424,0.0052369067474073
global_removed,5,momentum__rsi_short_raw,-0.018814311072517128,0.1523863006224602,-0.12346458307384155,2553,510.6,-2.7898625004646544,0.005470545249923641
global_removed,5,trend__minus_di,0.0181316200143304,0.1507758048274689,0.12025550143856444,2553,510.6,2.717348615978163,0.006804670556364123
global_removed,5,trend__acceleration_26/52,-0.018909389932573385,0.1609732964246545,-0.11746911042120675,2553,510.6,-2.6543860430894783,0.008193670540321574
global_removed,5,momentum__mfi_short_raw,-0.015876204856167822,0.1376302767720964,-0.1153540138733966,2553,510.6,-2.6065923487628337,0.009412586124035296
global_removed,5,momentum__mfi_long_raw,-0.015869461461296013,0.1382523397799004,-0.11478620532976448,2553,510.6,-2.593761885775928,0.009766308367450396
global_removed,5,volume__ad_zvel12_26,-0.013294405186532951,0.11886964200482927,-0.11184020547477416,2553,510.6,-2.5271927181880356,0.011799199755760385
global_removed,5,volume__price_zvel26_52,-0.016400841270535798,0.1489930555001498,-0.1100778906471873,2553,510.6,-2.4873706418557737,0.013187876235283402
global_removed,5,volume__ad_zvel26_52,-0.012551541321733785,0.11653326448197997,-0.10770779809120239,2553,510.6,-2.4338149404558176,0.015283208826640023
global_removed,5,momentum__cmf_long_velocity,-0.013086160607783278,0.12232595144262294,-0.10697779541834465,2553,510.6,-2.417319464331894,0.01598528213623976
global_removed,5,momentum__willr_short_velocity,-0.013896620822128001,0.144351720495519,-0.09626917347728725,2553,510.6,-2.1753425180594466,0.030063397708957496
global_removed,5,momentum__stochastic_short_velocity,-0.013896620822128001,0.144351720495519,-0.09626917347728725,2553,510.6,-2.1753425180594466,0.030063397708957496
global_removed,5,momentum__willr_long_velocity,-0.014201133544214449,0.14840130819206004,-0.09569412640106535,2553,510.6,-2.1623484898611425,0.031055908628166925
global_removed,5,momentum__stochastic_long_velocity,-0.014201133544214449,0.14840130819206004,-0.09569412640106535,2553,510.6,-2.1623484898611425,0.031055908628166925
global_removed,5,trend__acceleration_12/26,-0.01362460545027056,0.15717438361258446,-0.0866846437511951,2553,510.6,-1.9587660764460575,0.05068515145365227
global_removed,5,volume__obv_zvel26_52,-0.01107659165685471,0.12903961559879762,-0.08583869074202295,2553,510.6,-1.9396505331972453,0.05297363279687302
global_removed,5,trend__velocity_52/104,-0.016022978175284374,0.18833758003600204,-0.08507584185918429,2553,510.6,-1.9224128490066292,0.05511094860132217
global_removed,5,momentum__rsi_long_velocity,-0.012142076655627212,0.14607946877441372,-0.08311966601123029,2553,510.6,-1.878210199901521,0.0609231461190302
global_removed,5,candle__body_log,-0.012025058542272798,0.14725958460443522,-0.08165891934690832,2553,510.6,-1.8452024964775087,0.0655880748379796
global_removed,5,momentum__cmf_short_velocity,-0.009958858362276286,0.12366362460843452,-0.0805318329768335,2553,510.6,-1.8197343345125834,0.06938603425370066
global_removed,5,volume__price_zvel12_26,-0.011439325460896141,0.1492324875225377,-0.076654391083366,2553,510.6,-1.732117874253321,0.08385766759783889
global_removed,5,momentum__cci_short_velocity,-0.011027953517115134,0.14402857467631655,-0.07656781678148845,2553,510.6,-1.7301616015125982,0.08420683422050056
global_removed,5,volume__obv_zvel12_26,-0.009098528699417307,0.1265352290814848,-0.07190510315161427,2553,510.6,-1.6248007799512327,0.10482330096175187
global_removed,5,momentum__mfi_long_velocity,-0.00874691395174362,0.1281157759412611,-0.06827351188782504,2553,510.6,-1.5427396735868177,0.12351467337758938
global_removed,5,momentum__cci_long_velocity,-0.009981921894236292,0.14732622717747723,-0.06775386898499425,2553,510.6,-1.5309975835708238,0.12639049802877997
global_removed,5,momentum__mfi_short_velocity,-0.008589766822217541,0.13273232629505533,-0.06471495725256143,2553,510.6,-1.4623289364700938,0.1442675037853931
global_removed,5,momentum__rsi_short_velocity,-0.008925237743396456,0.1457799970447349,-0.06122402198058493,2553,510.6,-1.383446157584332,0.1671338348199632
global_removed,5,momentum__stochastic_short_acceleration,-0.007579791759430228,0.13911855543742377,-0.05448440530163251,2553,510.6,-1.2311546795588477,0.2188329041101847
global_removed,5,momentum__willr_short_acceleration,-0.007579791759430228,0.13911855543742377,-0.05448440530163251,2553,510.6,-1.2311546795588477,0.2188329041101847
global_removed,5,momentum__rsi_long_acceleration,-0.007041367197813525,0.14287821375841245,-0.049282301427140705,2553,510.6,-1.113605547964676,0.26597342055166945
global_removed,5,momentum__cci_short_acceleration,-0.006813342090892069,0.1406585711427448,-0.048438868925930384,2553,510.6,-1.0945469592729498,0.27423222898031785
global_removed,5,momentum__mfi_long_acceleration,-0.005975680896093573,0.12833140803702323,-0.04656444581648794,2553,510.6,-1.052191632645311,0.2932103003828404
global_removed,5,momentum__cmf_long_acceleration,-0.005456903586910649,0.1266169342235612,-0.043097739021825204,2553,510.6,-0.973856331575601,0.33058991041339286
global_removed,5,momentum__stochastic_long_acceleration,-0.005923873665425559,0.14072595012248712,-0.04209510513355533,2553,510.6,-0.9512003551252028,0.34195358961337635
global_removed,5,momentum__willr_long_acceleration,-0.005923873665425559,0.14072595012248712,-0.04209510513355533,2553,510.6,-0.9512003551252028,0.34195358961337635
global_removed,5,volatility__atr_norm,0.0054749381494018905,0.16258734702826666,0.033673826712050624,2553,510.6,0.7609092749692299,0.44706319455083887
global_removed,5,momentum__mfi_short_acceleration,-0.0040902013186875225,0.12807407335002546,-0.03193621637619843,2553,510.6,-0.7216454326937936,0.47084346908707453
global_removed,5,momentum__cmf_short_acceleration,-0.0036699335630930746,0.12180371054373217,-0.030129899546659778,2553,510.6,-0.6808290668889201,0.4962888825904482
global_removed,5,candle__skew_log,0.0035817486643116565,0.1248985805418563,0.028677256769233918,2553,510.6,0.6480044826201877,0.5172738972484452
global_removed,5,momentum__rsi_short_acceleration,-0.003837237811772253,0.14054959220757082,-0.027301664497931977,2553,510.6,-0.616920967023338,0.5375623762205474
global_removed,5,volatility__vol100,0.0035718627356074416,0.1497407191112103,0.02385365020822873,2553,510.6,0.5390080503923708,0.5901166903789886
global_removed,5,momentum__cci_long_acceleration,-0.0031937142675325355,0.14062900821896004,-0.022710209706946854,2553,510.6,-0.5131703429574304,0.6080545596081898
global_removed,5,volatility__vol_park7,0.0032880616398836787,0.14575080930170684,0.022559474322213408,2553,510.6,0.509764256880831,0.6104373187526465
global_removed,5,volatility__vol_rs100,0.0033522005823385273,0.154245353390507,0.0217329112913481,2553,510.6,0.49108685849928574,0.6235764325019935
global_removed,5,trend__adx,-0.0025288883125159554,0.11992186444717923,-0.02108780016199489,2553,510.6,-0.4765096307339879,0.6339155938035269
global_removed,5,candle__gap_log,-0.0030314317932524514,0.1462784047351656,-0.020723713789064107,2553,510.6,-0.4682825676080201,0.6397827582425542
global_removed,5,volatility__vol20,0.0031124001696176667,0.15256862733723559,0.020400001126955548,2553,510.6,0.46096780741964993,0.6450183683295986
global_removed,5,volatility__vol_park20,0.0029130893519270563,0.1559237565654419,0.018682780713434256,2553,510.6,0.42216470520652244,0.6730828490093532
global_removed,5,volatility__vol7,0.002317782332541219,0.14083614950195347,0.016457296942139633,2553,510.6,0.37187665041096873,0.7101392709787216
global_removed,5,volatility__bb_bandwidth,0.0021987251625294577,0.13470689133143973,0.01632229161253229,2553,510.6,0.36882600789424697,0.7124105987405016
global_removed,5,volatility__vol_park100,0.0019972017724101745,0.1575415414263871,0.012677302471001831,2553,510.6,0.2864621569227112,0.7746405963161767
global_removed,5,volatility__vol_rs7,0.0016706182605866217,0.14035052325950284,0.011903185123846752,2553,510.6,0.26896984533003787,0.7880617472960604
global_removed,5,candle__body_size,-0.0012924288051069227,0.10951848812799242,-0.011801010287838186,2553,510.6,-0.26666105574540905,0.7898380087610731
global_removed,5,volatility__vol_rs20,0.001175136547639757,0.1509724318536626,0.007783782331722757,2553,510.6,0.1758859253269819,0.860453432266006
global_removed,5,candle__range_log,-0.0009711439154246593,0.13103945409795992,-0.007411080289594846,2553,510.6,-0.16746417857749196,0.8670712641146994
global_removed,21,trend__rel_52,-0.048118804395668936,0.14558038932691836,-0.33053081268804924,2553,121.57142857142857,-3.6444140433178234,0.00039659407699191686
global_removed,21,trend__velocity_12/26,-0.04598616396579682,0.1405844131265222,-0.3271071304641042,2553,121.57142857142857,-3.6066647167865664,0.0004523857944212702
global_removed,21,trend__rel_104,-0.05024187854065039,0.15749840471468124,-0.3189992853049329,2553,121.57142857142857,-3.5172680747040093,0.0006155044153343258
global_removed,21,trend__rel_26,-0.04438599059881514,0.14416224950298717,-0.30788913707881216,2553,121.57142857142857,-3.3947682088387627,0.0009303735550910912
global_removed,21,trend__velocity_26/52,-0.041484455543563836,0.1545673888133824,-0.2683907379301741,2553,121.57142857142857,-2.959261094160997,0.0037131391121796795
global_removed,21,momentum__willr_long_raw,-0.03681782665694832,0.1389120983987356,-0.2650440608223037,2553,121.57142857142857,-2.922360821683574,0.004149173479989171
global_removed,21,momentum__stochastic_long_raw,-0.03681782665694832,0.1389120983987356,-0.2650440608223037,2553,121.57142857142857,-2.922360821683574,0.004149173479989171
global_removed,21,momentum__rsi_long_raw,-0.0361984404387151,0.13899572115460856,-0.26042845159564754,2553,121.57142857142857,-2.871469375445039,0.00482787886477399
global_removed,21,trend__acceleration_52/104,-0.035244825297093524,0.1429132586922969,-0.246616903285218,2553,121.57142857142857,-2.719184025062297,0.0075107910581297494
global_removed,21,trend__plus_di,-0.032609520031208795,0.13426991008922018,-0.2428654343295553,2553,121.57142857142857,-2.677820540569275,0.008443536606128229
global_removed,21,trend__rel_12,-0.035353958307308614,0.1474935768517069,-0.23969829101679607,2553,121.57142857142857,-2.6428997975609274,0.009311321941155944
global_removed,21,momentum__cci_long_raw,-0.03272635440362629,0.13819947211280734,-0.2368052055720801,2553,121.57142857142857,-2.61100080110279,0.0101735864230258
global_removed,21,trend__velocity_52/104,-0.03892736340641631,0.16967539856582634,-0.2294225546864666,2553,121.57142857142857,-2.5296001100578813,0.012709045533549729
global_removed,21,momentum__cmf_long_raw,-0.027456029706151273,0.11979748534704701,-0.22918702864765983,2553,121.57142857142857,-2.5270032132771734,0.012798530392892535
global_removed,21,momentum__rsi_short_raw,-0.03089728218510329,0.14017484701583197,-0.22041958912652576,2553,121.57142857142857,-2.4303339210713757,0.016557893011269125
global_removed,21,momentum__cmf_short_raw,-0.025616359581071703,0.11898851382821382,-0.215284305660415,2553,121.57142857142857,-2.3737125760654116,0.019190006545489205
global_removed,21,momentum__mfi_long_raw,-0.026220187924982943,0.1257484526554289,-0.20851300649265642,2553,121.57142857142857,-2.2990526144787866,0.02322317537581407
global_removed,21,momentum__willr_short_raw,-0.028818922085698428,0.14116708304454556,-0.20414760625608847,2553,121.57142857142857,-2.2509199584112074,0.026202456271518345
global_removed,21,momentum__stochastic_short_raw,-0.028818922085698428,0.14116708304454556,-0.20414760625608847,2553,121.57142857142857,-2.2509199584112074,0.026202456271518345
global_removed,21,trend__acceleration_26/52,-0.027903323754876468,0.14279909370541566,-0.19540266699758638,2553,121.57142857142857,-2.154498752828401,0.03319000435677362
global_removed,21,volume__price_zvel26_52,-0.02492186768195238,0.13168087008251267,-0.18925959151345267,2553,121.57142857142857,-2.0867655500402313,0.039016524842404365
global_removed,21,trend__minus_di,0.026259320079179763,0.13954670032717875,0.18817585810064028,2553,121.57142857142857,2.07481636673491,0.04013090128868219
global_removed,21,momentum__mfi_short_raw,-0.022394724517863927,0.12610689831794644,-0.17758524566516043,2553,121.57142857142857,-1.958044873108305,0.052534418198560404
global_removed,21,momentum__cci_short_raw,-0.025091774573409158,0.14194631801903937,-0.17676946414378694,2553,121.57142857142857,-1.9490501122005568,0.053611880382169214
global_removed,21,volume__price_zvel12_26,-0.021660109692623802,0.13166703023466322,-0.16450670797404732,2553,121.57142857142857,-1.813841656349393,0.07218899141430155
global_removed,21,volume__ad_zvel12_26,-0.01554385043513205,0.10741654908107612,-0.14470629123823206,2553,121.57142857142857,-1.5955233814850922,0.11321312098984053
global_removed,21,momentum__cmf_long_velocity,-0.016016232555188397,0.11382969833216434,-0.140703461309822,2553,121.57142857142857,-1.5513884051254796,0.12342958120738785
global_removed,21,volatility__atr_norm,0.020770500597191557,0.1496390523191862,0.1388040105525878,2553,121.57142857142857,1.530445168523849,0.1285260688552848
global_removed,21,volume__obv_zvel12_26,-0.014819459778617506,0.1107000233750215,-0.13387043043715732,2553,121.57142857142857,-1.4760477932525833,0.14253793856986208
global_removed,21,volume__obv_zvel26_52,-0.01459829606168324,0.1141044263185906,-0.12793803476933827,2553,121.57142857142857,-1.4106375342014175,0.16092634523696084
global_removed,21,volatility__vol20,0.01724573943520299,0.13827828063816852,0.1247176299532517,2553,121.57142857142857,1.3751295328702648,0.1716410956514038
global_removed,21,momentum__cmf_short_velocity,-0.012804924421860112,0.11412426629730149,-0.11220159250358211,2553,121.57142857142857,-1.2371284119541426,0.21844347254250293
global_removed,21,momentum__stochastic_long_velocity,-0.015103125197470832,0.1365877624458055,-0.11057451214535681,2553,121.57142857142857,-1.2191883159646066,0.22515251478838327
global_removed,21,momentum__willr_long_velocity,-0.015103125197470832,0.1365877624458055,-0.11057451214535681,2553,121.57142857142857,-1.2191883159646066,0.22515251478838327
global_removed,21,momentum__rsi_long_velocity,-0.014169496907117558,0.1312040314879568,-0.10799589575430213,2553,121.57142857142857,-1.1907566375033358,0.23608815158873211
global_removed,21,volatility__vol_park20,0.01529961294429944,0.14435680409507715,0.10598470255841018,2553,121.57142857142857,1.1685813350940821,0.24487767284264444
global_removed,21,volume__ad_zvel26_52,-0.011382105843141574,0.10794656053216885,-0.105442042683237,2553,121.57142857142857,-1.1625979980074646,0.24728859849117685
global_removed,21,momentum__mfi_long_velocity,-0.01187705570322045,0.1185029049313174,-0.10022586121499909,2553,121.57142857142857,-1.105084676206263,0.27132321588232816
global_removed,21,volatility__vol100,0.01370750303763459,0.1372642302887769,0.09986216371735522,2553,121.57142857142857,1.1010745681707867,0.27305749182203987
global_removed,21,trend__acceleration_12/26,-0.014355668801176415,0.14401356730885745,-0.09968275260058418,2553,121.57142857142857,-1.0990963913461504,0.2739158273791872
global_removed,21,volatility__vol_park7,0.01375057490531791,0.13847226802817983,0.09930201260601579,2553,121.57142857142857,1.0948983737036397,0.275743536621254
global_removed,21,volatility__vol7,0.012338977153485904,0.13404489726686375,0.0920510769531257,2553,121.57142857142857,1.0149499673639062,0.31216204837064904
global_removed,21,momentum__stochastic_short_velocity,-0.012341986742731988,0.1394469472032521,-0.08850668293758213,2553,121.57142857142857,-0.9758696794468767,0.33108292556482566
global_removed,21,momentum__willr_short_velocity,-0.012341986742731988,0.1394469472032521,-0.08850668293758213,2553,121.57142857142857,-0.9758696794468767,0.33108292556482566
global_removed,21,momentum__cci_long_velocity,-0.011228357261582458,0.1375644328338598,-0.08162253156775809,2553,121.57142857142857,-0.8999654158640721,0.3699326191769827
global_removed,21,momentum__rsi_short_velocity,-0.011011511314537892,0.13643954898615407,-0.08070615445713138,2553,121.57142857142857,-0.8898614936796827,0.37531234248277273
global_removed,21,volatility__vol_rs100,0.01178300106513875,0.14629783929953985,0.08054118312037033,2553,121.57142857142857,0.8880425290526109,0.3762860032106475
global_removed,21,candle__body_log,-0.010944544193639228,0.13609202853132985,-0.08042017090750966,2553,121.57142857142857,-0.8867082552389965,0.37700121977927875
global_removed,21,momentum__mfi_short_velocity,-0.009929715236785352,0.12350790967503752,-0.08039740339636134,2553,121.57142857142857,-0.8864572219489817,0.3771358770484863
global_removed,21,volatility__vol_rs7,0.00893733730306326,0.1339917792794059,0.06670063903268804,2553,121.57142857142857,0.7354374728701059,0.4635012996138417
global_removed,21,volatility__vol_rs20,0.009412062031442858,0.14185945258758795,0.06634779607394573,2553,121.57142857142857,0.7315470463665413,0.46586450885104314
global_removed,21,candle__range_log,0.008211052868192537,0.12470657142313274,0.06584298465180487,2553,121.57142857142857,0.7259810241820569,0.4692572979073282
global_removed,21,momentum__cci_short_velocity,-0.00861059456723304,0.14158689916514014,-0.06081491026362585,2553,121.57142857142857,-0.6705417604047926,0.5037948760547533
global_removed,21,volatility__vol_park100,0.008647018507049112,0.1470193778617058,0.05881550196180911,2553,121.57142857142857,0.6484963975709673,0.5178971252166014
global_removed,21,momentum__cmf_long_acceleration,-0.006673419911482054,0.11635724619833553,-0.05735285192386683,2553,121.57142857142857,-0.6323693009914207,0.5283429533077145
global_removed,21,momentum__mfi_long_acceleration,-0.0062321010169041,0.12147785236277213,-0.051302364140362246,2553,121.57142857142857,-0.5656569649529105,0.5726781697740754
global_removed,21,candle__gap_log,-0.005515022558970347,0.14184165169317695,-0.03888154497030323,2553,121.57142857142857,-0.42870571540149166,0.6689023473773882
global_removed,21,momentum__cmf_short_acceleration,-0.004244299708693033,0.11805431892334782,-0.03595209177775901,2553,121.57142857142857,-0.3964057302130415,0.6925064235995392
global_removed,21,volatility__bb_bandwidth,0.004494378487833654,0.12523596221281943,0.035887283559942175,2553,121.57142857142857,0.39569115846944736,0.693032156001395
global_removed,21,momentum__rsi_long_acceleration,-0.004792665791240494,0.13618718919805553,-0.035191752025005615,2553,121.57142857142857,-0.38802226710988297,0.6986837737868886
global_removed,21,candle__skew_log,0.0036986636430614266,0.11938348953550044,0.03098136649759743,2553,121.57142857142857,0.34159879445666813,0.7332474753117112
global_removed,21,trend__adx,-0.0025125851551359634,0.11108238365150346,-0.022619114503508016,2553,121.57142857142857,-0.24939707700352307,0.8034780214553213
global_removed,21,candle__body_size,0.001273534739295357,0.10589801035233663,0.012026049734628055,2553,121.57142857142857,0.1325985440875713,0.8947319211413465
global_removed,21,momentum__stochastic_short_acceleration,-0.0015822547921777444,0.13700699481942127,-0.011548715408751185,2553,121.57142857142857,-0.1273354828121763,0.8988870014393014
global_removed,21,momentum__willr_short_acceleration,-0.0015822547921777444,0.13700699481942127,-0.011548715408751185,2553,121.57142857142857,-0.1273354828121763,0.8988870014393014
global_removed,21,momentum__cci_long_acceleration,0.0014321308999801908,0.13700166589999085,0.010453383107221666,2553,121.57142857142857,0.11525841081598312,0.9084320344919236
global_removed,21,momentum__cci_short_acceleration,0.0009040608266370094,0.13699709402191246,0.006599124113482337,2553,121.57142857142857,0.0727615691777285,0.942116419129615
global_removed,21,momentum__rsi_short_acceleration,0.0006251742735886812,0.1363893753658481,0.00458374614526774,2553,121.57142857142857,0.05054012570556841,0.9597756059471196
global_removed,21,momentum__willr_long_acceleration,0.00042620693053060607,0.1348021277982874,0.003161722574352575,2553,121.57142857142857,0.03486097425331542,0.9722482475877539
global_removed,21,momentum__stochastic_long_acceleration,0.00042620693053060607,0.1348021277982874,0.003161722574352575,2553,121.57142857142857,0.03486097425331542,0.9722482475877539
global_removed,21,momentum__mfi_short_acceleration,-0.000239867648130139,0.12683294804314038,-0.0018912092782748494,2553,121.57142857142857,-0.02085236652082642,0.9833978934756067
sector_removed,5,trend__rel_104,-0.03460382304282358,0.1398105609588859,-0.24750507261750798,2553,510.6,-5.5927384483807,3.650604292123226e-08
sector_removed,5,trend__rel_52,-0.031139010580769705,0.1366502239513873,-0.22787383496603175,2553,510.6,-5.149141974007094,3.74451195958127e-07
sector_removed,5,trend__rel_26,-0.02877521427703653,0.13409051524408122,-0.21459544863898697,2553,510.6,-4.849097449834934,1.649832347000882e-06
sector_removed,5,trend__velocity_52/104,-0.030116456384409535,0.14105444240929502,-0.21350944975572753,2553,510.6,-4.8245577196182134,1.8564161077066421e-06
sector_removed,5,trend__velocity_12/26,-0.02583180629270041,0.13470178950377168,-0.1917703275350853,2553,510.6,-4.333330516104193,1.769994984119793e-05
sector_removed,5,trend__velocity_26/52,-0.026224192710252562,0.13801695986958532,-0.190007030549233,2553,510.6,-4.293486246472071,2.106238266550311e-05
sector_removed,5,trend__rel_12,-0.024723104459267415,0.1307872680634241,-0.1890329603587879,2553,510.6,-4.271475708474157,2.3172980949965697e-05
sector_removed,5,momentum__willr_long_raw,-0.023311399099602635,0.12833918833644464,-0.18163897872324994,2553,510.6,-4.1043978989474015,4.719902621713668e-05
sector_removed,5,momentum__stochastic_long_raw,-0.023311399099602635,0.12833918833644464,-0.18163897872324994,2553,510.6,-4.1043978989474015,4.719902621713668e-05
sector_removed,5,momentum__stochastic_short_raw,-0.021694630198295733,0.12316268628486665,-0.17614612714858766,2553,510.6,-3.98027889860539,7.883254223262484e-05
sector_removed,5,momentum__willr_short_raw,-0.021694630198295733,0.12316268628486665,-0.17614612714858766,2553,510.6,-3.98027889860539,7.883254223262484e-05
sector_removed,5,momentum__cmf_long_raw,-0.01884019264764086,0.1114891684926033,-0.16898675362253512,2553,510.6,-3.818502401816772,0.00015080006222432975
sector_removed,5,trend__plus_di,-0.019621257943879446,0.11771689379884964,-0.1666817506874378,2553,510.6,-3.7664174954250904,0.00018492772902533038
sector_removed,5,momentum__rsi_long_raw,-0.020730535570881923,0.13002416168891995,-0.15943602559406836,2553,510.6,-3.6026897589083178,0.0003458246671155549
sector_removed,5,momentum__cci_long_raw,-0.019697435786435603,0.12759651812681747,-0.1543728314502942,2553,510.6,-3.4882794954739893,0.0005282159745741071
sector_removed,5,trend__acceleration_52/104,-0.02045151855554102,0.13332650885948208,-0.1533942404289282,2553,510.6,-3.4661668027014594,0.0005725247325888915
sector_removed,5,momentum__cmf_short_raw,-0.01686469714109055,0.1113023850838468,-0.15152143530784146,2553,510.6,-3.4238480368828177,0.0006671551111680555
sector_removed,5,momentum__rsi_short_raw,-0.017775837454004864,0.1235312727077137,-0.1438974687491816,2553,510.6,-3.2515733822631954,0.0012236416778988964
sector_removed,5,trend__acceleration_26/52,-0.0186136650780726,0.13039585347361016,-0.142747369507725,2553,510.6,-3.225585210872915,0.0013378730903021458
sector_removed,5,momentum__cci_short_raw,-0.0166783372297482,0.12170491149963925,-0.13703914677098006,2553,510.6,-3.0965995847033434,0.0020653540723992317
sector_removed,5,volume__ad_zvel26_52,-0.013767064945764487,0.1067640553539092,-0.12894850144206704,2553,510.6,-2.913779641965642,0.0037276929878404274
sector_removed,5,volume__price_zvel26_52,-0.016067180098182695,0.12643766951169377,-0.12707589565858535,2553,510.6,-2.871465380471199,0.004255817520678102
sector_removed,5,trend__minus_di,0.015613993605697525,0.12361894605837208,0.12630744803733157,2553,510.6,2.8541011846124973,0.004491581739214856
sector_removed,5,volume__obv_zvel12_26,-0.014083007529438567,0.11219585113907683,-0.1255216426138736,2553,510.6,-2.8363447638723414,0.004744887505731256
sector_removed,5,momentum__mfi_long_raw,-0.014605865162194122,0.11739564782678974,-0.1244157294803995,2553,510.6,-2.8113550420992115,0.005123366403985504
sector_removed,5,momentum__willr_long_velocity,-0.01442098755985399,0.11897408402234105,-0.12121116693906216,2553,510.6,-2.7389432731377124,0.006379574252133116
sector_removed,5,momentum__stochastic_long_velocity,-0.01442098755985399,0.11897408402234105,-0.12121116693906216,2553,510.6,-2.7389432731377124,0.006379574252133116
sector_removed,5,volume__ad_zvel12_26,-0.012946383847245366,0.10805046531684614,-0.11981793701009538,2553,510.6,-2.7074612089167145,0.007007694628119969
sector_removed,5,trend__acceleration_12/26,-0.014923484228678919,0.1264007532207122,-0.11806483623258612,2553,510.6,-2.667847337497545,0.007876943077151928
sector_removed,5,momentum__rsi_long_velocity,-0.014077476978965695,0.11987540031138225,-0.1174342437430762,2553,510.6,-2.6535981795952646,0.008212557273386854
sector_removed,5,momentum__stochastic_short_velocity,-0.013295956409321115,0.11638057782779224,-0.11424549231053892,2553,510.6,-2.581543685719737,0.010114147110737564
sector_removed,5,momentum__willr_short_velocity,-0.013295956409321115,0.11638057782779224,-0.11424549231053892,2553,510.6,-2.581543685719737,0.010114147110737564
sector_removed,5,momentum__cmf_long_velocity,-0.012225964322708777,0.1094243592021127,-0.1117298233396712,2553,510.6,-2.5246984726985358,0.011882200139883699
sector_removed,5,momentum__mfi_short_raw,-0.012500419674541276,0.11671778364560928,-0.10709952917283244,2553,510.6,-2.4200702162336203,0.01586626570168804
sector_removed,5,volume__obv_zvel26_52,-0.011490277787296973,0.11368397692009666,-0.10107209563378462,2553,510.6,-2.283871555970253,0.022789618878804055
sector_removed,5,volume__price_zvel12_26,-0.012424279921463865,0.12464495947214338,-0.09967735537866286,2553,510.6,-2.252355363724858,0.024724591990538433
sector_removed,5,momentum__cci_short_velocity,-0.011057109828411939,0.11489276973400904,-0.09623851748034723,2553,510.6,-2.174649801053905,0.030115610449347345
sector_removed,5,momentum__rsi_short_velocity,-0.00999787170362001,0.11662923999247184,-0.0857235432921054,2553,510.6,-1.937048608462627,0.053291726053556414
sector_removed,5,candle__body_log,-0.009964726711861598,0.12129662807870564,-0.08215172070072545,2553,510.6,-1.8563380625075687,0.06398234224061028
sector_removed,5,momentum__mfi_long_velocity,-0.009253135909249682,0.11293671111895266,-0.08193204687449811,2553,510.6,-1.8513742117022032,0.0646940548546693
sector_removed,5,momentum__cci_long_velocity,-0.009559707789430865,0.11687395293579463,-0.08179502403484672,2553,510.6,-1.8482779806006735,0.06514129876917829
sector_removed,5,momentum__rsi_long_acceleration,-0.009204677684394464,0.11626587460814042,-0.0791692120789327,2553,510.6,-1.788943926034637,0.0742176631531007
sector_removed,5,momentum__stochastic_long_acceleration,-0.00875823434088846,0.11201904403278304,-0.07818522659705354,2553,510.6,-1.7667093375514404,0.07787548120863365
sector_removed,5,momentum__willr_long_acceleration,-0.00875823434088846,0.11201904403278304,-0.07818522659705354,2553,510.6,-1.7667093375514404,0.07787548120863365
sector_removed,5,momentum__cmf_short_velocity,-0.007790665206769662,0.10494854011884718,-0.07423319274329358,2553,510.6,-1.6774073630525874,0.09407604114191659
sector_removed,5,momentum__stochastic_short_acceleration,-0.008126456358911245,0.11205616741197029,-0.07252127702203694,2553,510.6,-1.6387241281054983,0.1018879278124361
sector_removed,5,momentum__willr_short_acceleration,-0.008126456358911245,0.11205616741197029,-0.07252127702203694,2553,510.6,-1.6387241281054983,0.1018879278124361
sector_removed,5,momentum__mfi_long_acceleration,-0.00754552723472922,0.11152353612246169,-0.06765860819229792,2553,510.6,-1.528845026888645,0.12692332062246786
sector_removed,5,momentum__cmf_long_acceleration,-0.007180164258176361,0.10875432150458074,-0.06602187535024924,2553,510.6,-1.491860658856725,0.13635444772214853
sector_removed,5,momentum__cci_short_acceleration,-0.00720096184481576,0.1123607044591296,-0.06408790225621146,2553,510.6,-1.4481597133901478,0.14818734903303354
sector_removed,5,momentum__mfi_short_velocity,-0.0068681843822851465,0.1121513098471815,-0.061240340319197374,2553,510.6,-1.383814894268418,0.16702093478078633
sector_removed,5,volatility__vol100,0.00761908622518585,0.12490801620575316,0.06099757610941003,2553,510.6,1.3783292825368694,0.16870646491604022
sector_removed,5,momentum__mfi_short_acceleration,-0.005906583702935994,0.10737612061702566,-0.05500835445529628,2553,510.6,-1.2429940755991074,0.21444160697271647
sector_removed,5,momentum__cci_long_acceleration,-0.006029850251194325,0.11155117202915073,-0.054054566541161884,2553,510.6,-1.2214418452445246,0.2224835292306243
sector_removed,5,momentum__rsi_short_acceleration,-0.005977860528806872,0.11086272326947143,-0.05392128528429368,2553,510.6,-1.218430160668317,0.22362432069814683
sector_removed,5,volatility__vol_rs100,0.006692982873335661,0.12869034325419088,0.05200843127844948,2553,510.6,1.1752064318312252,0.24046093366897947
sector_removed,5,momentum__cmf_short_acceleration,-0.005155862063684149,0.10184237062569525,-0.05062590385522019,2553,510.6,-1.1439662063519507,0.2531747136539002
sector_removed,5,volatility__vol_park100,0.006147809633812369,0.13064372941061653,0.04705782406509269,2553,510.6,1.063340234455306,0.28813129695245726
sector_removed,5,volatility__atr_norm,0.005877016615226042,0.1314243526123735,0.04471786619759788,2553,510.6,1.0104654703354072,0.3127518652615071
sector_removed,5,volatility__vol20,0.00553376761360361,0.12645893855131712,0.043759402672496756,2553,510.6,0.9888075877251082,0.3232265435691788
sector_removed,5,volatility__vol7,0.0038451239499900816,0.12065346202167494,0.031869155559741166,2553,510.6,0.7201300956438739,0.47177506055097407
sector_removed,5,volatility__vol_park20,0.003593095470143164,0.1268368618913108,0.028328479722418268,2553,510.6,0.6401233560678724,0.5223800987380149
sector_removed,5,volatility__vol_park7,0.002853610348789458,0.12060441515922798,0.02366091112851863,2553,510.6,0.534652829506591,0.5931231326901873
sector_removed,5,candle__skew_log,0.002254120178511372,0.10738275414442744,0.020991454321237002,2553,510.6,0.4743325558067967,0.6354659595092677
sector_removed,5,trend__adx,-0.0018515697403036512,0.11017733965856112,-0.01680535894260702,2553,510.6,-0.3797416194471491,0.7042954232982745
sector_removed,5,volatility__bb_bandwidth,0.001858849335064712,0.11715382651195912,0.015866740254318196,2553,510.6,0.35853215989609566,0.7200935846033697
sector_removed,5,candle__range_log,0.0016576157441596487,0.11130090337833873,0.014893102336510346,2553,510.6,0.3365313897294963,0.736608720328995
sector_removed,5,candle__gap_log,-0.0014911317911141574,0.11611131451667364,-0.012842260871140427,2553,510.6,-0.2901896327965662,0.7717892115744581
sector_removed,5,volatility__vol_rs7,0.0011940408800641131,0.11940703559057145,0.00999975314820056,2553,510.6,0.22595902102048934,0.8213238885274621
sector_removed,5,volatility__vol_rs20,0.0004890724377716703,0.12524232534908833,0.0039050092403544656,2553,510.6,0.08823938470773564,0.9297210792922447
sector_removed,5,candle__body_size,0.00016230015337676318,0.09909199184818662,0.001637873559201578,2553,510.6,0.03701014420132267,0.970491410489039
sector_removed,21,trend__velocity_52/104,-0.06588303251728315,0.1310711354116737,-0.502650963618763,2553,121.57142857142857,-5.54220109103217,1.786561581628377e-07
sector_removed,21,trend__rel_104,-0.06434215169346587,0.13005728050758164,-0.4947216445119738,2553,121.57142857142857,-5.454772867104364,2.6550150590803165e-07
sector_removed,21,trend__rel_52,-0.050479213247461956,0.12323619316683913,-0.40961353925565025,2553,121.57142857142857,-4.516375712921189,1.4761330417957697e-05
sector_removed,21,trend__velocity_26/52,-0.04850286880949168,0.12656090442785772,-0.38323737514960077,2553,121.57142857142857,-4.225553619527844,4.6574870525304136e-05
sector_removed,21,trend__velocity_12/26,-0.041167371445727914,0.11800220738994244,-0.34886950300589625,2553,121.57142857142857,-3.8466154053841644,0.00019286030679048277
sector_removed,21,trend__rel_26,-0.04175549892513065,0.11976143795422826,-0.348655624367914,2553,121.57142857142857,-3.844257191620403,0.0001945184455863715
sector_removed,21,momentum__stochastic_long_raw,-0.032418064677575784,0.11602377222946562,-0.27940881471653123,2553,121.57142857142857,-3.0807457855396834,0.00255834518938688
sector_removed,21,momentum__willr_long_raw,-0.032418064677575784,0.11602377222946562,-0.27940881471653123,2553,121.57142857142857,-3.0807457855396834,0.00255834518938688
sector_removed,21,momentum__cmf_long_raw,-0.0279628198212629,0.10226889202945702,-0.27342449171355676,2553,121.57142857142857,-3.014762978628506,0.0031361970989023185
sector_removed,21,trend__rel_12,-0.03222656842918466,0.1201898542571585,-0.268130522566677,2553,121.57142857142857,-2.9563919742828726,0.003745466866701679
sector_removed,21,momentum__rsi_long_raw,-0.0303641690995477,0.11696984876461876,-0.2595897098289855,2553,121.57142857142857,-2.8622214561715484,0.004961624926407208
sector_removed,21,trend__plus_di,-0.028527668486977176,0.1129007643081836,-0.25267914404109443,2553,121.57142857142857,-2.7860259487093404,0.00619956833933638
sector_removed,21,trend__acceleration_52/104,-0.02899863584918542,0.11704194785169221,-0.2477627584080416,2553,121.57142857142857,-2.7318181588281174,0.0072451402917182986
sector_removed,21,momentum__cci_long_raw,-0.02803730766124554,0.11566672853890397,-0.24239734291279205,2553,121.57142857142857,-2.672659391086917,0.008567000806278416
sector_removed,21,momentum__cmf_short_raw,-0.02332955688786957,0.1022844650956778,-0.228085045622978,2553,121.57142857142857,-2.5148528107837187,0.013224757073147995
sector_removed,21,volume__price_zvel26_52,-0.024106385891823203,0.10717617667670638,-0.2249229879186619,2553,121.57142857142857,-2.4799881414063836,0.014519181178679957
sector_removed,21,momentum__rsi_short_raw,-0.025304346178374758,0.11428465851939222,-0.22141507448334397,2553,121.57142857142857,-2.441310086303298,0.01608650111340345
sector_removed,21,momentum__willr_short_raw,-0.02570701063507241,0.1163772620745644,-0.2208937568801163,2553,121.57142857142857,-2.4355620678998675,0.016331849696386416
sector_removed,21,momentum__stochastic_short_raw,-0.02570701063507241,0.1163772620745644,-0.2208937568801163,2553,121.57142857142857,-2.4355620678998675,0.016331849696386416
sector_removed,21,trend__minus_di,0.02430088653983605,0.11781065052494297,0.20627071008907677,2553,121.57142857142857,2.274329181174554,0.024714088513665376
sector_removed,21,trend__acceleration_26/52,-0.023336049397147233,0.11405407632555258,-0.20460513248590523,2553,121.57142857142857,-2.2559646167399428,0.025875244403441668
sector_removed,21,momentum__mfi_long_raw,-0.020750832330556662,0.10600020626280487,-0.19576218822734556,2553,121.57142857142857,-2.158462813570423,0.03287368403125436
sector_removed,21,volume__ad_zvel12_26,-0.017406545215901043,0.1009172804012068,-0.17248329668318024,2553,121.57142857142857,-1.9017910722387077,0.05958449823060819
sector_removed,21,momentum__cci_short_raw,-0.020002600953124124,0.11604604796013221,-0.17236779110302874,2553,121.57142857142857,-1.9005175142458468,0.05975289129163613
sector_removed,21,volatility__vol20,0.020387774145941596,0.12044454320896891,0.16927104875618323,2553,121.57142857142857,1.86637300830524,0.06441872815167536
sector_removed,21,volatility__atr_norm,0.02160178839248137,0.12998034392244612,0.16619273145922941,2553,121.57142857142857,1.8324316559224754,0.06935474598223271
sector_removed,21,volume__ad_zvel26_52,-0.015824754466516995,0.09604299697368623,-0.16476739549113242,2553,121.57142857142857,-1.8167159821662702,0.07174459278032382
sector_removed,21,momentum__mfi_short_raw,-0.01612969967211445,0.10557332790303091,-0.15278195726603958,2553,121.57142857142857,-1.6845652182855329,0.09465938356102414
sector_removed,21,volume__obv_zvel26_52,-0.015606301614263797,0.10241350986032845,-0.15238518468459555,2553,121.57142857142857,-1.6801904262470586,0.09550944351419324
sector_removed,21,volatility__vol7,0.017444535206013932,0.11606257856363783,0.15030284025999807,2553,121.57142857142857,1.6572306144149618,0.10007271577936756
sector_removed,21,volume__obv_zvel12_26,-0.014390050550224664,0.09683976984892172,-0.1485964967974869,2553,121.57142857142857,-1.6384165679213047,0.10394184414330374
sector_removed,21,volatility__vol100,0.018113553661923788,0.12242218258894469,0.147959734738135,2553,121.57142857142857,1.6313956654750805,0.1054161783895426
sector_removed,21,volume__price_zvel12_26,-0.015238030242526799,0.10831919601211253,-0.1406770988294895,2553,121.57142857142857,-1.5510977339085994,0.12349920587015073
sector_removed,21,volatility__vol_rs100,0.01771164551633873,0.1292781527794769,0.13700416609874766,2553,121.57142857142857,1.5106001853889384,0.13350671712860745
sector_removed,21,momentum__cmf_long_velocity,-0.014223139353405155,0.10436432324796209,-0.13628353934334442,2553,121.57142857142857,-1.502654595548088,0.13554278058422492
sector_removed,21,trend__acceleration_12/26,-0.015082513872189993,0.11261827560699969,-0.13392598839661643,2553,121.57142857142857,-1.4766603721707912,0.1423737890541515
sector_removed,21,volatility__vol_park20,0.01640237354848674,0.12540718022401529,0.13079293800552028,2553,121.57142857142857,1.4421155357881403,0.15186232330202415
sector_removed,21,volatility__vol_park100,0.016741379931118936,0.1297359591213399,0.129041940603846,2553,121.57142857142857,1.4228091374872431,0.1573736691699031
sector_removed,21,volatility__vol_park7,0.013702491532873845,0.121507749289125,0.1127705155682628,2553,121.57142857142857,1.2434013254826206,0.21613225409748746
sector_removed,21,momentum__stochastic_long_velocity,-0.011922576091234767,0.11094827965147462,-0.10746066661590009,2553,121.57142857142857,-1.184855231300017,0.23840489770720846
sector_removed,21,momentum__willr_long_velocity,-0.011922576091234767,0.11094827965147462,-0.10746066661590009,2553,121.57142857142857,-1.184855231300017,0.23840489770720846
sector_removed,21,momentum__rsi_long_velocity,-0.011224408029677124,0.10676070743756852,-0.10513613387435568,2553,121.57142857142857,-1.1592250647853086,0.24865508213702364
sector_removed,21,candle__range_log,0.011367758476812479,0.11084035107384572,0.10255974802207979,2553,121.57142857142857,1.130817980118436,0.26037604088909116
sector_removed,21,momentum__cmf_short_velocity,-0.009386296397448087,0.09946604839324755,-0.09436683721804812,2553,121.57142857142857,-1.0404834090476194,0.3001973061880454
sector_removed,21,momentum__mfi_long_acceleration,-0.009174244152646976,0.10078323937686262,-0.091029462928269,2553,121.57142857142857,-1.0036857089162314,0.31754018445994464
sector_removed,21,momentum__stochastic_short_velocity,-0.009968898426733678,0.11047028461655667,-0.09024054261592439,2553,121.57142857142857,-0.9949871181797576,0.32173517844516786
sector_removed,21,momentum__willr_short_velocity,-0.009968898426733678,0.11047028461655667,-0.09024054261592439,2553,121.57142857142857,-0.9949871181797576,0.32173517844516786
sector_removed,21,momentum__rsi_short_velocity,-0.008531375139953763,0.10550308860018635,-0.08086374771722743,2553,121.57142857142857,-0.8915991080508076,0.37438370032308277
sector_removed,21,momentum__rsi_long_acceleration,-0.008251348576489768,0.10515149779348652,-0.07847105128920842,2553,121.57142857142857,-0.8652173725848962,0.3886377358120694
sector_removed,21,momentum__cci_long_velocity,-0.007813792733252726,0.10607187451950745,-0.07366507633289453,2553,121.57142857142857,-0.812226964579714,0.4182621507148969
sector_removed,21,candle__body_log,-0.00794674002718116,0.11453453160942985,-0.06938291810787735,2553,121.57142857142857,-0.7650121302226817,0.44575911653173
sector_removed,21,momentum__cmf_long_acceleration,-0.0067684275816371426,0.0999103444613452,-0.06774501297266383,2553,121.57142857142857,-0.746952680854407,0.45654625548444755
sector_removed,21,momentum__mfi_short_velocity,-0.006831121308601962,0.1031676723643906,-0.06621377755305251,2553,121.57142857142857,-0.7300693657362973,0.4667638870615966
sector_removed,21,volatility__vol_rs7,0.00747712439895851,0.11869118994431095,0.06299645662383807,2553,121.57142857142857,0.6945953671673483,0.4886452153454663
sector_removed,21,volatility__vol_rs20,0.007104492602198561,0.11961571070456781,0.059394309997835924,2553,121.57142857142857,0.6548783022343374,0.5137935128334191
sector_removed,21,momentum__cci_short_velocity,-0.006601711611108931,0.11190842481422233,-0.05899208770088886,2553,121.57142857142857,-0.6504434219410048,0.5166433568877365
sector_removed,21,volatility__bb_bandwidth,0.0063103669100289875,0.11761363096914451,0.053653363628272714,2553,121.57142857142857,0.5915789523158869,0.5552401234618041
sector_removed,21,momentum__mfi_long_velocity,-0.00496275813886096,0.10065192950994793,-0.04930614011100966,2553,121.57142857142857,-0.543646711727148,0.5876884023282565
sector_removed,21,candle__gap_log,-0.005575288798707668,0.11447403257960248,-0.04870352404883393,2553,121.57142857142857,-0.5370023011142262,0.5922556092170096
sector_removed,21,candle__body_size,0.003039212223217674,0.09824627158249331,0.030934631658421495,2553,121.57142857142857,0.34108349876359845,0.7336343745913055
sector_removed,21,momentum__willr_long_acceleration,-0.002512487700956927,0.11057609745313723,-0.022721797556852042,2553,121.57142857142857,-0.25052925454114616,0.8026044923025961
sector_removed,21,momentum__stochastic_long_acceleration,-0.002512487700956927,0.11057609745313723,-0.022721797556852042,2553,121.57142857142857,-0.25052925454114616,0.8026044923025961
sector_removed,21,candle__skew_log,0.0021225444933094155,0.10528728725770164,0.0201595515336459,2553,121.57142857142857,0.22227807482973846,0.8244734955018302
sector_removed,21,momentum__cci_short_acceleration,0.0017583940955967286,0.1120326373552069,0.01569537357244946,2553,121.57142857142857,0.17305630115803847,0.8628973553815884
sector_removed,21,momentum__cci_long_acceleration,0.0015423734838247928,0.11011117734658221,0.014007419782372051,2553,121.57142857142857,0.1544450181523737,0.8775170890808561
sector_removed,21,trend__adx,-0.0008521948882846901,0.10516977527443458,-0.00810303992816316,2553,121.57142857142857,-0.08934365987728259,0.9289570358553084
sector_removed,21,momentum__rsi_short_acceleration,0.0007279929462339936,0.10767862478429756,0.0067607934972452825,2553,121.57142857142857,0.07454412665782728,0.9407009664527689
sector_removed,21,momentum__stochastic_short_acceleration,-0.0005912343713149827,0.11163779334750767,-0.005296005533489722,2553,121.57142857142857,-0.058393457429201094,0.9535318938446179
sector_removed,21,momentum__willr_short_acceleration,-0.0005912343713149827,0.11163779334750767,-0.005296005533489722,2553,121.57142857142857,-0.058393457429201094,0.9535318938446179
sector_removed,21,momentum__mfi_short_acceleration,-0.0004449482901649564,0.10971164879221511,-0.004055615744210098,2553,121.57142857142857,-0.04471698977864931,0.9644068665044737
sector_removed,21,momentum__cmf_short_acceleration,-0.00033809281967711895,0.0989883947975339,-0.003415479363703571,2553,121.57142857142857,-0.03765888225825178,0.9700219408525925
