ticker,sector,beta_global,beta_sector
A,Healthcare,0.582564203836452,0.3326289323265465
AA,Basic Materials,0.5508613818496003,0.3296772889809357
AAOI,Technology,0.3163442229057336,0.36834363987333624
AAON,Industrials,0.4612593869710676,0.3493668158922863
AAP,Consumer Cyclical,0.3940677953563738,0.24690329611796163
AAT,Real Estate,0.6768721233218723,0.3933431628668638
ABBV,Healthcare,0.25438297254446723,0.21000553944295927
ABEO,Healthcare,0.1958913236354293,0.24873283647984043
ACAD,Healthcare,0.31758752768253906,0.3155610760864542
ACHC,Healthcare,0.3361693520157694,0.11947602916718594
ACIW,Technology,0.5930587531439784,0.033035921938033376
ACM,Industrials,0.6587216367463328,0.16868571033246316
ACMR,Technology,0.4289552160104088,0.40991626733681896
ACN,Technology,0.5163018340863065,0.09193438817664569
ADC,Real Estate,0.39063751562148197,0.6544211985629759
ADP,Technology,0.523797027864594,-0.04162200268625931
ADSK,Technology,0.561362714633597,0.30190459972676265
AEHR,Technology,0.39007283061375614,0.3511034410080094
AEM,Basic Materials,0.2621279208408574,0.8394364359612362
AER,Industrials,0.6390521862133878,0.10264877323624937
AES,Utilities,0.4960407246646392,0.26505121688698735
AFG,Financial Services,0.5579035821144552,0.17127307897323374
AFL,Financial Services,0.560262382648117,0.13263199951127438
AGI,Basic Materials,0.25941517908897505,0.8338534558834417
AGO,Financial Services,0.5789755267098384,0.168162748590734
AGX,Industrials,0.30391739975116594,0.3306872647319438
AHRT,Real Estate,0.6449482606844814,0.3424885025228302
AIG,Financial Services,0.6105572082931021,0.15640418323785205
AIR,Industrials,0.6416351402579092,0.2950335607991611
AIV,Real Estate,0.5914398656928439,0.37631445263020497
AJG,Financial Services,0.41332814295856557,-0.08157200856080407
ALB,Basic Materials,0.5276837829547448,0.17278556882487595
ALLT,Technology,0.32614667756957805,0.2144940987191268
ALLY,Financial Services,0.7317416678369902,0.08947090036253381
ALNT,Technology,0.5411422543701068,0.1307529142221409
ALNY,Healthcare,0.2789962883272793,0.4227874192269968
ALRM,Technology,0.5623047738137245,0.23061427902074813
ALSN,Consumer Cyclical,0.5995799603715976,0.004621689630348891
ALV,Consumer Cyclical,0.668338564975112,0.19490051752726784
AMAT,Technology,0.5579300946536797,0.6011072976348558
AMBA,Technology,0.5628089667564762,0.43177962216148524
AMC,Communication Services,0.1944522155984568,0.2969798651721928
AMD,Technology,0.4755320611571091,0.5663736556485599
AMH,Real Estate,0.5377335253281176,0.5207980450151898
AMN,Healthcare,0.35292926998202956,0.04544450383077431
AMPH,Healthcare,0.29431092052686053,0.16868505216607096
AMRN,Healthcare,0.3001348654248046,0.27246387258160676
AMT,Real Estate,0.34574041848427467,0.5344886482978155
AN,Consumer Cyclical,0.6005067619711401,0.29335439969310384
ANAB,Healthcare,0.23967804017210462,0.3505407950106682
ANET,Technology,0.4101373908017033,0.5099286055760721
ANF,Consumer Cyclical,0.41900375502395765,0.3481009272073758
AON,Financial Services,0.3963356377306282,-0.09230096440208878
AORT,Healthcare,0.4253967693779405,0.2170664798108915
AOS,Industrials,0.6299618738789355,0.24467327406665879
APAM,Financial Services,0.7568921245419923,-0.0030827557775873326
APD,Basic Materials,0.4834104004403283,0.07125984845706086
APH,Technology,0.5877298606925464,0.38771830167438776
APO,Financial Services,0.6459172250344478,-0.09834240695623107
APPF,Technology,0.3823107482092237,0.1677674058720142
APPN,Technology,0.3957336481449131,0.3188206559295404
AQN,Utilities,0.41598329210178786,0.4178895528992315
ARCC,Financial Services,0.6335531032349764,-0.12891333855795042
ARE,Real Estate,0.5701204969739225,0.42735753320743797
AROC,Energy,0.5614198200587531,0.5124208474080082
ARR,Real Estate,0.5697389489890026,0.2619603246260916
ASA,Financial Services,0.3088102540646341,-0.26888972098168074
ASB,Financial Services,0.7763052697064305,0.4606275762749566
ASML,Technology,0.5534653884468193,0.5732580781297907
ASND,Healthcare,0.2704004229807246,0.36336717028888715
ASYS,Technology,0.26948862679617935,0.2512282488042086
ATEN,Technology,0.39893233907658193,0.2531757056408515
ATI,Industrials,0.575859056288517,0.27921009266120805
ATNI,Communication Services,0.3218792143850032,-0.16732583848826874
ATR,Healthcare,0.5639955938347953,0.05010698298810485
ATRC,Healthcare,0.4718524260015278,0.2827995356063641
ATRO,Industrials,0.4708466728959378,0.19392184780598534
AUPH,Healthcare,0.2873707681591326,0.33090483924874664
AVA,Utilities,0.3810105223825683,0.6666174328901583
AVB,Real Estate,0.590912933592422,0.5727576465239123
AVGO,Technology,0.4498663876028706,0.5895594143544504
AVNS,Healthcare,0.4370329193700633,0.14630444692793856
AVNT,Basic Materials,0.7892638349101346,0.04925032898611062
AVT,Technology,0.6628031277447213,0.22333530474370789
AWK,Utilities,0.2919638997851532,0.7069977371776182
AXON,Industrials,0.36717503538868995,-0.007246648762530536
AXS,Financial Services,0.48824131191105175,0.15436729762365356
AZN,Healthcare,0.28859911026378915,0.2895667103605126
AZO,Consumer Cyclical,0.3251795486450047,0.08296095458432419
BA,Industrials,0.5636942500320149,0.06753144986736959
BABA,Consumer Cyclical,0.33542178608623746,0.04924309970667833
BAH,Industrials,0.2818005085572211,-0.002269751253647635
BANC,Financial Services,0.7188099461788919,0.4035362081041789
BANF,Financial Services,0.6509806469397768,0.5150497604424528
BAP,Financial Services,0.4389227721449072,-0.07237842353309588
BBAR,Financial Services,0.3303707624382158,-0.09061218398181492
BBD,Financial Services,0.338989921668263,-0.0406625371881369
BBSI,Industrials,0.5056973946528553,-0.07871164034044194
BBW,Consumer Cyclical,0.35951496725913945,0.239743759223882
BBWI,Consumer Cyclical,0.5524165059813603,0.29687263353183363
BCC,Basic Materials,0.6600960613504461,-0.03711185597035856
BEN,Financial Services,0.7218223788874083,0.012320096356791443
BFAM,Consumer Cyclical,0.40115722541102444,0.005218636393234481
BFH,Financial Services,0.6842032157849494,0.17006463605296
BFS,Real Estate,0.6626254629800856,0.3941344600992611
BG,Consumer Defensive,0.3918449409171886,0.12896713710318544
BGS,Consumer Defensive,0.23532464945418086,0.33414610031903264
BHC,Healthcare,0.38092715719628695,0.16988793214784637
BHE,Technology,0.6005811007932959,0.25580740319872103
BHF,Financial Services,0.6303433795408803,0.131635052430806
BIDU,Communication Services,0.34975862153273557,0.5148357118086466
BKD,Healthcare,0.39215185621082055,0.06550172461648147
BKH,Utilities,0.44682916334217215,0.682985902670012
BKNG,Consumer Cyclical,0.5570740910784657,0.07097230724876126
BLBD,Industrials,0.4055867982535694,0.12012522345363215
BLDR,Industrials,0.6549398744252349,0.17894922124630191
BLK,Financial Services,0.7529099445623572,-0.09655092784077171
BLMN,Consumer Cyclical,0.5084987838698002,0.2528797978829411
BLX,Financial Services,0.566490593153548,0.15787631726086235
BMA,Financial Services,0.3438737987279923,-0.09651003134009381
BMO,Financial Services,0.7082048211052352,0.019046969178834798
BMRN,Healthcare,0.37015050325854615,0.4203727295449961
BN,Financial Services,0.7806612611264191,-0.1263344563010887
BNS,Financial Services,0.6538321631285715,-0.017409478911400527
BNY,Financial Services,0.6837537343051757,0.11810730687089833
BOH,Financial Services,0.690441075894498,0.46798080812020365
BOX,Technology,0.372371735828615,0.14541778558906904
BPOP,Financial Services,0.7287703674723124,0.39740387326901944
BRK-B,Financial Services,0.6397342753963403,0.035834571938207896
BRO,Financial Services,0.4402288247128524,-0.07639267210350728
BRSL,Consumer Cyclical,0.6018527030925146,0.100568667489551
BTG,Basic Materials,0.30309658211471824,0.7885926675061075
BTI,Consumer Defensive,0.3205025765686551,0.3313513841310102
BUD,Consumer Defensive,0.45552516464852766,0.3358418804571815
BUSE,Financial Services,0.7351438347249895,0.5484063526337917
BWXT,Industrials,0.43760769945156197,0.38416759115295884
BXC,Industrials,0.6428437834585943,0.15978023998974364
BY,Financial Services,0.7068015874189308,0.5038332029996752
CACC,Financial Services,0.5460395123946796,-0.03324419436929638
CACI,Technology,0.328550520866232,-0.07206645176354588
CAG,Consumer Defensive,0.235690907302801,0.7533801373917265
CAKE,Consumer Cyclical,0.5515968652018033,0.26208987069935125
CALX,Technology,0.5079802365084628,0.2840600492841731
CALY,Consumer Cyclical,0.5618481143899927,0.2586980414976898
CAMT,Technology,0.44526746001635403,0.5818480269467299
CARG,Consumer Cyclical,0.49027208146128065,0.14990250750304543
CARS,Communication Services,0.5502689749245693,0.21733269549944434
CAT,Industrials,0.6415052164897541,0.4182545195281686
CBU,Financial Services,0.7060575229622879,0.5304940979173468
CBZ,Industrials,0.43525138896421867,-0.19183715855338482
CCEP,Consumer Defensive,0.4648976817365301,0.3113055595330031
CCJ,Energy,0.40533184022274565,0.2543780508199974
CCOI,Communication Services,0.3311934031885301,0.016189191770383624
CCRN,Healthcare,0.28977346028279566,-0.0018013589696746683
CCS,Real Estate,0.6443672366115974,0.035743196360284724
CDNA,Healthcare,0.37248604470852537,0.38646135624073047
CDW,Technology,0.5730615834183628,0.19861142628016568
CECO,Industrials,0.4120241523607757,0.20266147840686036
CELH,Consumer Defensive,0.3785907687575537,0.04261674650986752
CET,Financial Services,0.7733285412138343,-0.1621105032978541
CEVA,Technology,0.5439667812551696,0.5118468765816488
CFFN,Financial Services,0.6199710430190547,0.49355524672233564
CGAU,Basic Materials,0.27275838451674994,0.6752940503159894
CGC,Healthcare,0.3073334918505347,0.15727685772910696
CHCT,Real Estate,0.48491555862284674,0.4084512404530047
CHD,Consumer Defensive,0.16566170441934963,0.6408459417526788
CHDN,Consumer Cyclical,0.5750991594312602,0.07894694235498984
CHKP,Technology,0.29892550970193577,0.07363655528923459
CHRW,Industrials,0.40361058514263704,0.08025651627654456
CHT,Communication Services,0.2808680725540147,0.05129238115368628
CI,Healthcare,0.2793812283074585,-0.008728468046255756
CIA,Financial Services,0.23442976115330502,0.005136701961576052
CIEN,Technology,0.43044791723664183,0.4420089290276216
CIVB,Financial Services,0.5833277721442144,0.4382647996270421
CL,Consumer Defensive,0.20988099411700437,0.665522631366585
CLDX,Healthcare,0.38460411762087293,0.4183181334748651
CLF,Basic Materials,0.5164075014791955,0.22048078861889336
CLFD,Technology,0.491824632301234,0.2654889654144882
CLS,Technology,0.4302416442937236,0.4671318780589388
CMBT,Energy,0.26546194633541675,0.32399761965984925
CME,Financial Services,0.200721631978983,-0.04605427560945023
CMG,Consumer Cyclical,0.4444734360511844,0.18444081017996397
CMP,Basic Materials,0.47233087709758265,0.18223133168254285
CNA,Financial Services,0.5417130502403626,0.18925492121492826
CNC,Healthcare,0.18537886412193294,0.09981794911785875
CNH,Industrials,0.6523368195612105,0.2177461586014711
CNI,Industrials,0.5899067477943254,0.0816648337552935
CNK,Communication Services,0.4037950700426929,0.24507691502047388
CNOB,Financial Services,0.7074310376354148,0.5091962724137126
CNS,Financial Services,0.7326906919210793,0.05936719684588787
CNXN,Technology,0.5312001021773791,0.05191042760736019
CODI,Industrials,0.31753534082103,-0.0621258842673771
COKE,Consumer Defensive,0.30644567438571757,0.2785189080537126
COLB,Financial Services,0.6935530038784472,0.4389668834541089
CORT,Healthcare,0.24278858317360583,0.19915439575898555
COTY,Consumer Defensive,0.5372833185893978,0.08773277978206921
CPB,Consumer Defensive,0.14494096731779027,0.7289078539634438
CQP,Energy,0.3540315586512301,0.4440376465508987
CRAI,Industrials,0.4356016100159876,-0.011225737879757215
CRMD,Healthcare,0.2207356676794068,0.25122144823545195
CRS,Industrials,0.5954888370712453,0.26654114592456385
CRUS,Technology,0.5345163507043512,0.39814815889603333
CRVS,Healthcare,0.21279787882318082,0.2939078598852447
CSGP,Real Estate,0.4638251698165566,0.06619452175996128
CSL,Industrials,0.6300525343844745,0.23973518654841983
CSR,Real Estate,0.4943228352987026,0.502072284454394
CSW,Industrials,0.6183856597136884,0.31202967304846907
CSWC,Financial Services,0.5537177047976616,-0.09153684977372165
CTBI,Financial Services,0.6661911878164889,0.5860478027925299
CTRE,Real Estate,0.4125403109486175,0.504069642211728
CUBI,Financial Services,0.6643114453672203,0.36052134430796823
CUZ,Real Estate,0.6963280489159585,0.3943631392514333
CVBF,Financial Services,0.6570780209271287,0.5873788718149594
CVEO,Consumer Cyclical,0.40293273710419397,-0.08465971207444083
CVS,Healthcare,0.29170162413324885,-0.016315590709781738
CWEN,Utilities,0.4607104044356054,0.3949117992572057
CWH,Consumer Cyclical,0.5976967730607917,0.265258582584517
CYD,Consumer Cyclical,0.23101101292428422,-0.049053771006017696
CYRX,Industrials,0.4534236646427103,-0.026678773541523742
CZNC,Financial Services,0.5265747360950712,0.42368802172235104
CZR,Consumer Cyclical,0.681831097277083,0.16753444438973047
D,Utilities,0.3305286492955074,0.7199080199735921
DAKT,Technology,0.3783303678421623,0.08022743465306174
DAR,Consumer Defensive,0.5307921361003806,-0.017131605342258622
DBI,Consumer Cyclical,0.4817467118179658,0.2613852134148663
DBVT,Healthcare,0.08877114265221511,0.07575802849650343
DCH,Consumer Cyclical,0.6289282633291263,0.16237819183603552
DCO,Industrials,0.5792950920814884,0.21320529194483628
DCOM,Financial Services,0.6808166504289762,0.49133395063786434
DEA,Real Estate,0.5513711550210317,0.46210085502150106
DECK,Consumer Cyclical,0.5097279156086032,0.32786839353591285
DHC,Real Estate,0.45748669584679114,0.23549102605695793
DIOD,Technology,0.6357158373865808,0.43968718184962907
DK,Energy,0.3617463283998987,0.5680058653941068
DKS,Consumer Cyclical,0.5248194365829008,0.3787441422328779
DLB,Industrials,0.5374972557347407,-0.054725120820402394
DMLP,Energy,0.302421715455886,0.5656085636229697
DNN,Energy,0.3993739628274738,0.26833249644202134
DOC,Real Estate,0.5595529490649678,0.5665686902606873
DORM,Consumer Cyclical,0.5245457348533573,0.1669623499434986
DQ,Technology,0.31104247627121395,0.2736923053779305
DRD,Basic Materials,0.22777631601316,0.7854192845641838
DRH,Real Estate,0.7112669913706859,0.07598823276772766
DSGX,Technology,0.42734406942032427,0.3009360996752769
DVA,Healthcare,0.29769393241489184,0.06177475824974255
DXPE,Industrials,0.5284539959060921,0.24041282171701686
EBS,Healthcare,0.3526702475223214,0.23987929778447323
ECC,Financial Services,0.3670978677457906,-0.10059540993802069
ECL,Basic Materials,0.5851488588407279,0.022311466772720563
ED,Utilities,0.19790962316919647,0.8447051144916953
EEX,Communication Services,0.35955305468779697,0.049453582082484224
EFOR,Technology,0.4744596828617484,-0.0474860195889875
EGBN,Financial Services,0.6041724721239249,0.49676519661263824
EGP,Real Estate,0.6437109453147977,0.4741637630672796
EIX,Utilities,0.42239866958896966,0.5701471899490119
EMBJ,Industrials,0.48221136087714456,0.055378897982497975
EMR,Industrials,0.7011291216709076,0.33820449318468326
ENPH,Technology,0.3946768542843617,0.2578381794340628
ENSG,Healthcare,0.44211007461739293,0.12426146128650833
ENVA,Financial Services,0.6857183559303226,0.15058807345064285
EPD,Energy,0.4684161238010137,0.5091134297733908
EPR,Real Estate,0.6058746817942245,0.35579904130551304
EQBK,Financial Services,0.6394524649885185,0.4882662991577188
EQIX,Real Estate,0.434116410243516,0.3442606151353351
EQT,Energy,0.37758404255490785,0.4694391052633719
ERIC,Technology,0.42108603968920866,0.12256497416449132
ESE,Technology,0.6243142819017121,0.04089960626444906
ESLT,Industrials,0.20477629414241036,0.09919694655228277
ETD,Consumer Cyclical,0.6075728686834893,0.29692210253777784
EVRG,Utilities,0.3560825862717751,0.7817940297254087
EW,Healthcare,0.33529107261941515,0.2760021238333079
EXK,Basic Materials,0.3418210746288573,0.7643157487474702
EXLS,Technology,0.5161905505655447,-0.015979761176380305
EXP,Basic Materials,0.7215232423356701,0.0036237288894815367
EXPD,Industrials,0.5247775992831708,0.09320454204764331
EXR,Real Estate,0.5041898821810197,0.4850066214533867
EXTR,Technology,0.5254889410528267,0.2729779228061753
EYE,Consumer Cyclical,0.461416879514645,0.19459242397951054
F,Consumer Cyclical,0.6040253778515604,0.14934643931418298
FCBC,Financial Services,0.6458816621860882,0.5671378043400569
FCF,Financial Services,0.719995966649585,0.555578347817204
FELE,Industrials,0.7090927923197444,0.25752877327229523
FFBC,Financial Services,0.7559422878964822,0.5171718154338646
FFIV,Technology,0.5506830043827836,0.3042642009507522
FHB,Financial Services,0.7440794123535373,0.45661654088898335
FHI,Financial Services,0.6084248106234209,0.06983433845293976
FHN,Financial Services,0.5506306504225139,0.3977974817413367
FINV,Financial Services,0.24908458577924145,-0.14430350412540652
FIS,Technology,0.464535101010102,-0.06526122331650806
FISI,Financial Services,0.6550268833971099,0.5281839082724729
FITB,Financial Services,0.7767846119455319,0.3605644114275633
FIVE,Consumer Cyclical,0.4925274624188329,0.33064542061677593
FIVN,Technology,0.42625814762040765,0.29911466101254075
FLEX,Technology,0.5670695473341966,0.39032001953212797
FLG,Financial Services,0.4659880088132052,0.268798638204185
FLO,Consumer Defensive,0.2988874574615161,0.6255444632846875
FMC,Basic Materials,0.36526058150997953,0.11085413804696087
FMNB,Financial Services,0.6322006137141841,0.5040015899913266
FMS,Healthcare,0.30929218259075586,0.11044247226265798
FN,Technology,0.42241497808551687,0.46277678538074224
FND,Consumer Cyclical,0.6362478914607311,0.44471577969469167
FPI,Real Estate,0.4447149513782256,0.2123103751983227
FRBA,Financial Services,0.5721714353242271,0.3779264812245198
FRPT,Consumer Defensive,0.40381721907315354,0.026489884559195945
FRST,Financial Services,0.6164816160032155,0.432156811120181
FSM,Basic Materials,0.3176143999541461,0.7507115039008158
FTAI,Industrials,0.4281141882319304,0.163542106438024
FTS,Utilities,0.3085103208481979,0.7081169459083057
FTV,Technology,0.6894912568422019,0.08157989208929489
FUN,Consumer Cyclical,0.46775631805413204,0.13891354964560362
FWRD,Industrials,0.44214356988704495,0.12795185405550139
GABC,Financial Services,0.6486118714667531,0.5476722219180851
GAP,Consumer Cyclical,0.5509092057680819,0.3152911341832541
GASS,Industrials,0.25203307844467904,0.038939830028488165
GATX,Industrials,0.6416489210838449,0.16220049609937853
GBDC,Financial Services,0.5413136790434881,-0.09408994872791095
GD,Industrials,0.5034524068735532,0.1694429131184595
GDDY,Technology,0.4005492701387081,0.20731600823931712
GE,Industrials,0.5760367391468443,0.2949345638539536
GEO,Industrials,0.31384475135539663,0.02538613604493142
GEVO,Basic Materials,0.4104411929928156,0.1243213260832031
GGAL,Financial Services,0.34497620614069485,-0.1167544679669045
GIC,Industrials,0.47437184233085256,0.06169040478730173
GIL,Consumer Cyclical,0.5643384756963382,0.1354633201015951
GKOS,Healthcare,0.42625768299161115,0.288670638083523
GM,Consumer Cyclical,0.6358259310026726,0.1411773514717154
GME,Consumer Cyclical,0.16382065486815253,0.12049258716094595
GMED,Healthcare,0.48495180634513796,0.17962940232764915
GNL,Real Estate,0.605272455794231,0.47371342916905085
GNRC,Industrials,0.5381723459987702,0.15673271775935696
GNTX,Consumer Cyclical,0.6438693449377042,0.23008261103947086
GNW,Financial Services,0.5813611420429039,0.12392611726790742
GOLF,Consumer Cyclical,0.5785478007454354,0.2793077673411946
GOOD,Real Estate,0.6068558711331232,0.41090333073421936
GOOGL,Communication Services,0.4803126070078219,0.35375486185064287
GPI,Consumer Cyclical,0.6239252376919384,0.25309934676019896
GPRK,Energy,0.3509871739779612,0.5210364232763913
GRBK,Consumer Cyclical,0.6194059293126086,0.36959290033407594
GRMN,Technology,0.5832381094312741,0.12362580965630743
GSBC,Financial Services,0.6740924827184573,0.5716352886825625
GT,Consumer Cyclical,0.5785737968806579,0.1434249254432152
GTLS,Industrials,0.5457359382171235,0.0845346000835301
GTN,Communication Services,0.4724764114034796,0.10613061034106847
GTY,Real Estate,0.5080895241905494,0.5555343608930304
GVA,Industrials,0.6113654820561841,0.22417856689804608
GYRE,Healthcare,0.17715331292513486,0.11569440368404306
HAE,Healthcare,0.3389166028277477,0.19657183150106175
HALO,Healthcare,0.379211142135716,0.35737756743709914
HAPN,Financial Services,0.6088414495473352,-0.020944628487332084
HAS,Consumer Cyclical,0.512487229702489,0.2107714662803625
HBAN,Financial Services,0.7548282725661509,0.3650339596814992
HBM,Basic Materials,0.5109438413186679,0.5551970791916719
HD,Consumer Cyclical,0.6249973364407394,0.37409761910494754
HDB,Financial Services,0.4142864008536683,-0.08927415618364742
HEI-A,Industrials,0.5424739132313017,0.2403110651465914
HFWA,Financial Services,0.6573069346786732,0.5877154345472538
HII,Industrials,0.3764417986692468,0.2168959958154763
HIMX,Technology,0.38139811343521113,0.4476905358922952
HIVE,Financial Services,0.46544728326502655,-0.18865786570846574
HLIT,Technology,0.42194149195166497,0.2079759437204389
HLNE,Financial Services,0.662991582443943,-0.07354209999215977
HLX,Energy,0.47463475307732744,0.5937673320054605
HMN,Financial Services,0.4554857678822229,0.3347982325077541
HON,Industrials,0.6412135483990578,0.18881777636985686
HP,Energy,0.49170788200187626,0.6196290049576293
HR,Real Estate,0.4189921257570342,0.5349768016912781
HRB,Consumer Cyclical,0.32546830365336904,-0.021969539729564412
HRTG,Financial Services,0.25847857820651526,0.045488207770942604
HRZN,Financial Services,0.3883510075885931,-0.05947848368881908
HSBC,Financial Services,0.5225370416899933,0.02195426778743649
HSIC,Healthcare,0.4980621187976048,0.008960281786240129
HTB,Financial Services,0.6230018562427824,0.5093519899663576
HTLD,Industrials,0.543337552472942,0.12229169088738337
HTO,Utilities,0.3357546890437821,0.5833826619278801
HTT,Financial Services,0.2637461045716697,-0.135909492137375
HUBS,Technology,0.4338313316940973,0.3464714910771441
HWC,Financial Services,0.7854953566020205,0.45298950994670034
HWKN,Basic Materials,0.49519020033343747,0.08191696395211898
HZO,Consumer Cyclical,0.5970622509607048,0.2783472782129793
IBOC,Financial Services,0.7410465456380927,0.5035618124678888
IBP,Consumer Cyclical,0.6082849942238087,0.36520115167516837
ICFI,Industrials,0.3874828446933337,-0.04834318738950802
IDT,Communication Services,0.4161928333921868,0.14957062674282595
IIIN,Industrials,0.5769194535097361,0.16648053123477313
ILMN,Healthcare,0.4626402141738058,0.39345129359502046
IMKTA,Consumer Defensive,0.3994138421715396,0.331594812895036
IMO,Energy,0.43533501331864066,0.6568834413057114
INSM,Healthcare,0.2871528487355175,0.3720405640114072
INVA,Healthcare,0.29909715834663314,0.21234247570003573
INVX,Energy,0.449039475618231,0.5611316249840423
IOSP,Basic Materials,0.7128889075985134,-0.014522852186386537
IPGP,Technology,0.4944903788157987,0.34958008829163445
IPI,Basic Materials,0.4176770352654817,0.23928920842926385
IQV,Healthcare,0.5787152944895131,0.31743792702581686
IRS,Real Estate,0.3288070687767688,-0.03203751050858937
IRT,Real Estate,0.5857159975944604,0.5331503894310292
IRTC,Healthcare,0.32347973509099437,0.2948763640219605
IRWD,Healthcare,0.2270754365726402,0.15684675905605258
ITGR,Healthcare,0.48770158322285584,0.09622186985721674
ITT,Industrials,0.7657740140060618,0.32677850356095234
ITW,Industrials,0.7264742233757787,0.2365125978229981
IVZ,Financial Services,0.7684037889323074,-0.0027369478308612197
IX,Financial Services,0.5276598769958549,-0.10162601236421805
JBHT,Industrials,0.5825519058487841,0.20573716355592925
JBSS,Consumer Defensive,0.3467226473517498,0.3542887074943098
JBTM,Industrials,0.6497359878551803,0.13108878625676362
JHX,Basic Materials,0.49049325718493825,0.08199925207216661
JKHY,Technology,0.41236096703371106,-0.12425275164136802
JLL,Real Estate,0.7037859940583269,0.11278557453267318
JNJ,Healthcare,0.22601991527520507,0.17290477641048257
JOYY,Communication Services,0.2935849492863812,0.5054794129745801
JPM,Financial Services,0.6673779768159958,0.14949093590112486
KBH,Consumer Cyclical,0.6239066721792006,0.4742090234234225
KBR,Industrials,0.5084271014133441,0.11042587469722967
KE,Industrials,0.5440703606790958,0.05385095862267701
KEP,Utilities,0.27140529575766686,0.05590077587444487
KFRC,Industrials,0.4647642071951772,-0.14872464796015833
KGC,Basic Materials,0.3127639220439062,0.8121961109094734
KHC,Consumer Defensive,0.2573844339533345,0.6874280851398438
KLIC,Technology,0.5978702472106419,0.42304301120458565
KMPR,Financial Services,0.45946687662649344,0.10756944895375989
KN,Technology,0.6315640879473376,0.2950824435161028
KNOP,Energy,0.22634442144765032,0.25798366580007737
KNX,Industrials,0.573706129568303,0.17142755877669338
KODK,Industrials,0.42153024650273835,-0.07702163942356637
KOF,Consumer Defensive,0.37722749723648386,0.16455219415605474
KOP,Basic Materials,0.629964918454298,0.011253925535626616
KOPN,Technology,0.40592232249384047,0.3237476782070818
KOS,Energy,0.37281674719180813,0.6460746496537125
KR,Consumer Defensive,0.10292588367925566,0.47993957689543437
KRC,Real Estate,0.6648013003199206,0.34273723547145746
KREF,Real Estate,0.614178338471276,0.2011994207514709
KRNY,Financial Services,0.6268960561632456,0.5193544280124229
L,Financial Services,0.6638494734509541,0.1576799303191388
LAMR,Real Estate,0.7097980576521123,0.20654023706334443
LAND,Real Estate,0.53767242839755,0.34552443563808555
LAUR,Consumer Defensive,0.3818986676010811,-0.06445255309674788
LAZ,Financial Services,0.7057840209162508,0.030591670557913377
LBRDA,Communication Services,0.4066982749907702,0.056431263709966914
LBTYK,Communication Services,0.48542029915688845,0.14010013053183215
LCII,Consumer Cyclical,0.678378322837447,0.2555367449241067
LEA,Consumer Cyclical,0.703746012412943,0.19730278587667438
LECO,Industrials,0.7072500013871883,0.3288643721627216
LGIH,Consumer Cyclical,0.6208576697304324,0.4539938778628653
LH,Healthcare,0.47204298486993096,0.22288729530619428
LII,Industrials,0.6118254505484212,0.32238095320830823
LILA,Communication Services,0.5112498748731193,0.04483974782506846
LIN,Basic Materials,0.5738180108586542,0.0698196483980635
LITE,Technology,0.40702429281307967,0.4658723429803697
LKFN,Financial Services,0.6233556480854406,0.5424046631001179
LLY,Healthcare,0.20772844038783062,0.28934809835742703
LNC,Financial Services,0.6809505993168642,0.1667449631411134
LOB,Financial Services,0.6801876762434453,0.27405926093045035
LOMA,Basic Materials,0.38151788585105667,0.16008057179187063
LQDT,Consumer Cyclical,0.3919516806918048,0.032642020174264035
LRCX,Technology,0.5620727575688393,0.6090941290453733
LRN,Consumer Defensive,0.19944243479896823,0.048846936087114885
LSCC,Technology,0.5904458921186243,0.5232765567762316
LULU,Consumer Cyclical,0.4778537268839912,0.31267646660446435
LW,Consumer Defensive,0.33179329167413546,0.25749668974356005
LXFR,Industrials,0.5512484279382566,0.15058914996860145
LXP,Real Estate,0.6225397506790838,0.4283544242399104
LYTS,Technology,0.40259825413920225,0.03526807434767158
LYV,Communication Services,0.5436631800317228,0.2094966978112236
MAA,Real Estate,0.5431208442677635,0.5898607318112706
MAN,Industrials,0.5782637439123735,-0.18653372341248145
MAR,Consumer Cyclical,0.6846285726559856,0.11753711241757295
MAS,Industrials,0.6914699767498159,0.17791366973140982
MATW,Industrials,0.6020757402761364,0.04525150473114523
MCK,Healthcare,0.1689757795408948,-0.004703131645543769
MCRI,Consumer Cyclical,0.5653428179214853,0.0801460043651812
MDT,Healthcare,0.4642821876170378,0.19015465643708082
MDU,Utilities,0.5805509875104933,0.39719410811665645
MDXG,Healthcare,0.34021520232947156,0.2399326669198498
MEDP,Healthcare,0.4016772707632917,0.31697917538983744
META,Communication Services,0.4358595723489091,0.44676396538366353
METC,Basic Materials,0.25077428769329446,0.21547206743081204
MFA,Real Estate,0.6521650364466056,0.2448574771483421
MFIC,Financial Services,0.6179557545860355,-0.060159379045407184
MGA,Consumer Cyclical,0.6816357155763588,0.1616505699809984
MGM,Consumer Cyclical,0.6503129434039225,0.17833122779338692
MGNI,Communication Services,0.48287416114139137,0.48939172336941167
MHK,Consumer Cyclical,0.6996037001235854,0.3112493820089209
MHO,Consumer Cyclical,0.6752851274868252,0.4026481307001059
MKC,Consumer Defensive,0.26831137842966096,0.636938946041968
MKL,Financial Services,0.5294493603033109,0.0649243742483026
MKSI,Technology,0.6398214948993554,0.529451648636356
MLKN,Consumer Cyclical,0.6069665812161609,0.16872526218278086
MLM,Basic Materials,0.6562392122963989,-0.013378529402362312
MMM,Industrials,0.559352997167822,0.1559104524685212
MMSI,Healthcare,0.5118203010897929,0.22748958464528807
MOH,Healthcare,0.19138352248747897,0.11505872039267924
MOS,Basic Materials,0.46679931179551676,0.237576288018566
MRSH,Financial Services,0.4587980373293355,-0.11711508708333203
MRVL,Technology,0.5005061328065068,0.5812677588729935
MSI,Technology,0.47300020897362927,0.0835914570110716
MSM,Industrials,0.6459843277416377,0.2709351295795192
MTDR,Energy,0.47160145659904695,0.7131060114896635
MTH,Consumer Cyclical,0.6397279119994952,0.4388950255876538
MTLS,Technology,0.4325780564094881,0.2837578807180687
MTUS,Basic Materials,0.5928125814147797,0.09009252118712299
MUR,Energy,0.4612777778222136,0.7228853447927535
MXL,Technology,0.4577309388192595,0.45866075052392635
MYGN,Healthcare,0.377716653367724,0.2713877806921472
MYRG,Industrials,0.523288305734406,0.3141117080458114
MZTI,Consumer Defensive,0.32826674345172896,0.39652801080101635
NAVI,Financial Services,0.6338860778059403,0.12574573541039727
NBTB,Financial Services,0.6734807094866181,0.5771039601115752
NC,Energy,0.3703853628367174,0.19589340619434184
NEOG,Healthcare,0.3824115241280634,0.1778044869093511
NEU,Basic Materials,0.46078465060893176,0.053403802175268564
NEXA,Basic Materials,0.3132085923012029,0.38338553538061804
NFBK,Financial Services,0.6241201048486565,0.5418872107891093
NFG,Energy,0.4875038349256456,0.33751164253431215
NGG,Utilities,0.31454397023936365,0.5704469764189217
NHC,Healthcare,0.43913998903967016,-0.04591201113385003
NHI,Real Estate,0.433793207636421,0.5603064379433628
NI,Utilities,0.4121053408246206,0.7324279475776505
NIC,Financial Services,0.6511555399051758,0.4714051589800022
NICE,Technology,0.3906730902798896,0.27179032856381774
NKTR,Healthcare,0.2708973490729398,0.2901660401794588
NLY,Real Estate,0.6533904146178189,0.2627055910298177
NMM,Industrials,0.38917431956303705,0.003427004839265511
NMR,Financial Services,0.4977577782821891,-0.04312990209703762
NNN,Real Estate,0.533408712082983,0.6237547207131986
NOA,Energy,0.3630796210158682,0.3064586273294872
NOAH,Financial Services,0.3655616531214711,-0.1562745828124214
NOC,Industrials,0.19355930721347728,0.14751835845196323
NODK,Financial Services,0.3893461480337319,0.09061674348376057
NOMD,Consumer Defensive,0.3422285154676445,0.3685453007958655
NOV,Energy,0.5026037860988898,0.6044691631584596
NOVT,Technology,0.6537568411944925,0.24922928947344086
NOW,Technology,0.4192885090455841,0.3838343730034951
NPKI,Industrials,0.4635542416071685,0.15218969597163487
NPO,Industrials,0.7007062774978928,0.3261826788905837
NRC,Healthcare,0.3397544372989468,0.07226603379696345
NRG,Utilities,0.41522916464877296,0.11369694431604675
NRIM,Financial Services,0.5701795220788971,0.4543036442153217
NSSC,Industrials,0.3687940302204625,0.09200485693557761
NTCT,Technology,0.5060609869775808,0.16676185853988784
NTES,Communication Services,0.28431578833638055,0.4634654017184139
NTGR,Technology,0.4279616200183423,0.19486719745263476
NTLA,Healthcare,0.4422830934859806,0.4166618179545005
NTRA,Healthcare,0.39398642551842916,0.427012347398806
NVMI,Technology,0.49028439866092877,0.6086237688894289
NVO,Healthcare,0.23766075662479402,0.22984606474338642
NVR,Consumer Cyclical,0.6006568342223593,0.45465691361478894
NVS,Healthcare,0.33783968475144466,0.25425469916747656
NWN,Utilities,0.35010695515987045,0.5919628163143348
NWPX,Basic Materials,0.5007538335188876,0.03368213978968196
NWSA,Communication Services,0.6194641405119207,0.2515103911510736
OC,Industrials,0.7158734842873158,0.23849934464995584
OCSL,Financial Services,0.549888440755092,-0.07017464451460594
OFG,Financial Services,0.698692744405848,0.4440892572024061
OHI,Real Estate,0.36636946392571285,0.5086458153951651
OII,Energy,0.5049468373026254,0.5878846650479574
OKTA,Technology,0.38688486783719256,0.36952307438615195
OLP,Real Estate,0.6581746131415068,0.402429362273419
OMAB,Industrials,0.37576528885306215,0.08882093681361386
OMF,Financial Services,0.7366428175488158,0.09403726213082063
ONB,Financial Services,0.7526921993887211,0.48247151265733956
ONC,Healthcare,0.2814851733521351,0.42361153660473416
ONIT,Financial Services,0.4794056756862327,0.07102297961067168
OPCH,Healthcare,0.37260753168258093,0.18647059983979164
ORA,Utilities,0.46377851792369357,0.21445876871681735
ORC,Real Estate,0.5526893745730886,0.19787941588459534
ORCL,Technology,0.3274389514128242,0.3016655094502087
OSG,Financial Services,0.3238706813675553,0.07726122234697591
OSUR,Healthcare,0.3430054246159548,0.2888435583757168
OTEX,Technology,0.532396336557017,0.196941202751628
OTTR,Industrials,0.49802937281821286,0.09191240025622427
OVID,Healthcare,0.20002416418468832,0.18916314437899548
OXM,Consumer Cyclical,0.5494947913488941,0.24771940278377969
OXY,Energy,0.3930627288298936,0.7151476919684648
P,Technology,0.4077179868234453,0.5004029561278746
PAA,Energy,0.4962563902464862,0.5608390139397758
PAG,Consumer Cyclical,0.6679275573404505,0.2829768992085759
PAGP,Energy,0.5045704174334571,0.5775764033979081
PANW,Technology,0.3472365888632577,0.34425334975398825
PARR,Energy,0.3860447224486334,0.5121628727031499
PAYC,Technology,0.4452847413490769,0.20195492887412766
PAYS,Technology,0.4018367806721436,0.10642451159538366
PBH,Healthcare,0.38591223982265427,0.007691592544359183
PBYI,Healthcare,0.2811057984943881,0.2747457744408892
PCAR,Industrials,0.6198272678044232,0.26703795273625336
PCG,Utilities,0.42979526077416186,0.3871529645764904
PCTY,Technology,0.47331676936576583,0.24241156370476774
PDFS,Technology,0.49328156338843115,0.4610947438431847
PEB,Real Estate,0.7207544318067468,0.06111884283880016
PFBC,Financial Services,0.6802664414318538,0.5203674005461715
PFG,Financial Services,0.7658657982775791,0.15917648946495197
PFGC,Consumer Defensive,0.5963745290739478,0.09822022579167783
PFIS,Financial Services,0.6044773057131058,0.4144260734030414
PFLT,Financial Services,0.5571841040085665,-0.11641670977388589
PGC,Financial Services,0.6845381293794424,0.49662850068293346
PGEN,Healthcare,0.3734661472956214,0.34664739418490803
PHG,Healthcare,0.4401605935410573,0.19442709120599336
PII,Consumer Cyclical,0.6370318530217207,0.3067054160620907
PIPR,Financial Services,0.7431858945423099,0.14643960629429076
PJT,Financial Services,0.5779188170634147,0.10469838351057893
PKE,Industrials,0.48969808968613976,0.1488987619679389
PKG,Consumer Cyclical,0.5893141803543174,0.07311150226970875
PLAB,Technology,0.5336611429214719,0.3571826625026592
PLAY,Communication Services,0.522187582720749,0.11514336648092716
PLD,Real Estate,0.6221943104877787,0.45589341635769287
PLOW,Consumer Cyclical,0.6075999929272704,-0.0033931825240803445
PLPC,Industrials,0.4381487978161969,0.21734848442087448
PLSE,Healthcare,0.2656152591899334,0.2539342338112151
PLUS,Technology,0.5905088793670198,0.055484567505126106
PLXS,Technology,0.6238894418970159,0.21858595374960965
PNC,Financial Services,0.7595445521830297,0.3153424881012365
PNR,Industrials,0.7219729730105311,0.18749724405763346
PODD,Healthcare,0.3978765626995942,0.343014208197359
POOL,Industrials,0.5877110420841037,0.03815437812542112
POWL,Industrials,0.37107715872175184,0.38822783530371135
PRGS,Technology,0.4473031117786886,0.06934590482351108
PRK,Financial Services,0.7012072772037694,0.5317735985427238
PRKS,Consumer Cyclical,0.6110151743377416,0.16334367120550886
PRLB,Industrials,0.48364652864397,0.07706116260095813
PRTA,Healthcare,0.36147973366487235,0.36197194017843726
PRU,Financial Services,0.7588291222382171,0.19300710443387006
PSKY,Communication Services,0.36189327388820736,0.3036160761639398
PTC,Technology,0.5205941379615898,0.26912656215741376
PUK,Financial Services,0.598426470979452,-0.12365628860230157
PZZA,Consumer Cyclical,0.3637497648494275,0.08835412103238245
QCRH,Financial Services,0.7064417957521364,0.49225128465881557
QGEN,Healthcare,0.3992378342574758,0.3833694034845811
QRVO,Technology,0.5710932169372247,0.4161212427529259
QSR,Consumer Cyclical,0.4690285372988697,0.07181910108369234
QUIK,Technology,0.30452345033406564,0.39166316300089915
QURE,Healthcare,0.1901252948615494,0.2795622742144381
R,Industrials,0.6520874718298763,0.21060853522572492
RACE,Consumer Cyclical,0.48663744745646914,0.16416135590321873
RBB,Financial Services,0.6457288451450841,0.44080582600466645
RBBN,Technology,0.4617493608375281,0.22067640563110705
RBCAA,Financial Services,0.6431295929487751,0.5138245058003933
RCI,Communication Services,0.3378574042974645,-0.0034056729438741683
RCKT,Healthcare,0.3560496851543712,0.41820337822818465
RCKY,Consumer Cyclical,0.4382929002172596,0.10101491080987715
RDN,Financial Services,0.630866889486617,0.16055283238645696
RDWR,Technology,0.389018047201563,0.2785662009854372
RES,Energy,0.40612985334079554,0.6486899767769602
REX,Basic Materials,0.4233334216914519,0.0804079616982695
RGLD,Basic Materials,0.31408262288357347,0.7798013202131393
RGNX,Healthcare,0.3880779029269596,0.4098781162292435
RHI,Industrials,0.5620771351017079,-0.17940369454360308
RIGL,Healthcare,0.28677846032139914,0.2996371539533081
RIOT,Financial Services,0.4640527365332463,-0.17461842079636183
RITM,Real Estate,0.7201242805369302,0.12454315285141154
RLJ,Real Estate,0.7196113606462063,0.06985602720266323
RM,Financial Services,0.5789528379844421,0.11501451669690112
RMAX,Real Estate,0.5498015425826345,0.09099884261868854
RNG,Technology,0.46589402527111556,0.2623028885235485
RNR,Financial Services,0.29463709604364696,0.036675445477719754
ROKU,Communication Services,0.4862535063040149,0.5220969499257604
ROP,Technology,0.49965284146742694,0.016921776723712676
RPD,Technology,0.40138377744630066,0.2279216389283613
RRC,Energy,0.39178332943726535,0.578634654669256
RRX,Industrials,0.6674469028718386,0.33773747448249475
RS,Basic Materials,0.6364619006232529,0.08143906035977937
RYN,Real Estate,0.6041552062321123,0.27651790254866065
RYTM,Healthcare,0.3083110567516265,0.30653512983554204
SA,Basic Materials,0.3183581502091761,0.794263830244611
SAM,Consumer Defensive,0.36118970225167296,0.225695980235225
SAN,Financial Services,0.5773647179598944,-0.005409256279989156
SAP,Technology,0.465385718484283,0.24470394964441514
SAR,Financial Services,0.4731314206774826,-0.045154537795002885
SBLK,Industrials,0.3405424233957603,-0.006713816680237172
SBR,Energy,0.31475515149985916,0.591322864583728
SBS,Utilities,0.2993204402145038,0.16980760088615332
SBSI,Financial Services,0.6535344505673806,0.5709500671070437
SBUX,Consumer Cyclical,0.5083189613432562,0.15314433080541337
SCCO,Basic Materials,0.5125835093334379,0.5128415657742982
SCHL,Communication Services,0.353149975028568,-0.10859020740537936
SEI,Energy,0.3872911474539303,0.36747166758595506
SFBS,Financial Services,0.6775053737100839,0.4496768108002313
SFIX,Consumer Cyclical,0.4826496527611334,0.212678766003822
SFM,Consumer Defensive,0.22743518715776478,0.2446191474652524
SHBI,Financial Services,0.6366661562928353,0.4872531604907292
SHOO,Consumer Cyclical,0.6351460468354725,0.3439996946926227
SHOP,Technology,0.5032051817106392,0.37460585120731027
SIGI,Financial Services,0.43673980338102303,0.21806062129740822
SIRI,Communication Services,0.3587896133698615,0.04668759829944482
SITE,Industrials,0.6644048974231981,0.15682251628964253
SKM,Communication Services,0.30949205662033386,0.018921046173724608
SKT,Real Estate,0.5590654984585497,0.18380815218418964
SLAB,Technology,0.579325610567091,0.37420297631452615
SLF,Financial Services,0.6336726697095455,-0.04485326552229781
SLG,Real Estate,0.6535392249518789,0.3090934323389867
SLM,Financial Services,0.637966236736934,0.11237551820606734
SLRC,Financial Services,0.551977573049489,-0.06577011459546794
SM,Energy,0.4442764333352744,0.6925724794989536
SMCI,Technology,0.3143381828778628,0.3604050670847591
SMFG,Financial Services,0.4983527155865581,0.04171215235853817
SMP,Consumer Cyclical,0.553917398417939,0.11181646510038383
SMPL,Consumer Defensive,0.3865557868905428,0.3041891253756975
SMTC,Technology,0.4890866838937728,0.439569869945037
SNA,Industrials,0.6471189170199007,0.2543822016514893
SNAP,Communication Services,0.39064679352219056,0.5036334998863521
SNN,Healthcare,0.4502164103344587,0.19688315824054717
SO,Utilities,0.28298345792007507,0.8040420895299785
SONY,Technology,0.49689478665439263,0.22328998300098526
SPG,Real Estate,0.7179517365911368,0.2859439130990343
SPH,Utilities,0.3094736066930964,0.15730420025969913
SQM,Basic Materials,0.45307818854759435,0.27049414233285707
SSTK,Communication Services,0.5023539243252844,0.2649899372786206
SSYS,Technology,0.45034220798178964,0.2827480036045848
ST,Technology,0.7121550523828066,0.22209794622282267
STAA,Healthcare,0.3891365936413491,0.3104465242992466
STBA,Financial Services,0.7143360918466936,0.564574834758902
STGW,Communication Services,0.44502899670880347,0.15308236276162962
STLA,Consumer Cyclical,0.5693070328907747,0.1488185616242333
STM,Technology,0.5741364203668271,0.474302520398184
STNG,Energy,0.25958313929917115,0.416111106507801
STZ,Consumer Defensive,0.39897697827652157,0.3840366223509642
SU,Energy,0.4238374935502504,0.7224473642191294
SUI,Real Estate,0.4942071636369838,0.5299849204557333
SUPN,Healthcare,0.35110768554856525,0.24869837637052922
SVM,Basic Materials,0.3337105954989795,0.77571570889702
SWBI,Industrials,0.3596049303916766,-0.026316046639369234
SWX,Utilities,0.38234118358293484,0.47914910343014144
SYNA,Technology,0.6423783642678588,0.45682945909126044
SYY,Consumer Defensive,0.5079972796867775,0.33616109459444493
TAC,Utilities,0.3265203376929625,0.1472277002221909
TAK,Healthcare,0.32824121179569066,0.20591701901270582
TAP,Consumer Defensive,0.3728765111790822,0.4843678436205002
TBPH,Healthcare,0.215553371035195,0.2437848788773812
TCBI,Financial Services,0.7172180489145444,0.4262754781301181
TCBK,Financial Services,0.6904033977905992,0.5736287433005001
TD,Financial Services,0.6430789222298803,0.03170110677085891
TDAY,Communication Services,0.4700927796111194,0.17760519378038703
TDC,Technology,0.3865179953707472,0.2107433510208489
TDOC,Healthcare,0.472866476507138,0.3395173961094876
TECH,Healthcare,0.5362391950252,0.3798538907755755
TEO,Communication Services,0.26886792155070116,0.07820250236161928
TFSL,Financial Services,0.6763926433438071,0.3935680899262459
TGB,Basic Materials,0.4747421764155193,0.5328657794466488
TGLS,Basic Materials,0.4688320529251056,-0.015268346952411329
TGTX,Healthcare,0.3687323238171933,0.3754709416151585
THC,Healthcare,0.46627996962284407,0.11843362578865298
THFF,Financial Services,0.6546251566094572,0.6047758281084296
TITN,Industrials,0.5663656146981049,0.14282878721000516
TJX,Consumer Cyclical,0.5385831712157021,0.2013744698395052
TKC,Communication Services,0.21216451890616203,0.06944935484982225
TMO,Healthcare,0.5015552409419888,0.3642898585460777
TMUS,Communication Services,0.28355036650904475,-0.08842244909538254
TNET,Industrials,0.4637601764709223,-0.16385233658482423
TOL,Consumer Cyclical,0.6780679388290555,0.4448672045714182
TOWN,Financial Services,0.7354113413165602,0.5343959523348352
TPR,Consumer Cyclical,0.6166252233053308,0.2620524441860215
TREE,Financial Services,0.5137519981922472,-0.042962932609469956
TRGP,Energy,0.535695942409664,0.6068247381377918
TRIP,Consumer Cyclical,0.5106002749073951,0.0673785702422111
TRMK,Financial Services,0.7101811250968255,0.516721497140459
TRP,Energy,0.4356349019896456,0.3076467447638135
TRST,Financial Services,0.655487178447863,0.570065429763692
TRV,Financial Services,0.45660898777592906,0.20076980219636634
TRVG,Communication Services,0.27266561677884327,0.2926664622880196
TSEM,Technology,0.3724012375288403,0.46384959097963957
TSLX,Financial Services,0.5319020226460309,-0.08706569644945843
TSN,Consumer Defensive,0.358924158655565,0.3921073588265662
TTC,Industrials,0.5795297587106011,0.1923484693035048
TTD,Communication Services,0.4223053852891355,0.5185165714196975
TWLO,Technology,0.39768320217487985,0.37074208812751414
TX,Basic Materials,0.5126653320103859,0.24430557550692694
TXT,Industrials,0.735409099985734,0.1788645308208984
UA,Consumer Cyclical,0.5575488906329183,0.28228305198038284
UAL,Industrials,0.6297267534796044,0.08158407134707346
UAN,Basic Materials,0.2912051219510738,0.15676701625330638
UBS,Financial Services,0.6223454291704053,-0.04853557715671309
UDR,Real Estate,0.5968438300529246,0.5920535893781619
UFPT,Healthcare,0.43353754399945316,0.07561198815302841
UGP,Energy,0.3237889520059793,0.1633455760439675
UHAL,Industrials,0.6287060081541466,0.050264942497263286
UHS,Healthcare,0.47748164033185897,0.02327160159684858
UHT,Real Estate,0.5452739276634128,0.4511056496175284
UNFI,Consumer Defensive,0.3572902629949527,0.15609901449247218
UNH,Healthcare,0.20990220626352293,0.09837159147544917
UNIT,Real Estate,0.5076861023356132,0.18933748646610243
UNM,Financial Services,0.5218749693651342,0.1970684030788574
URI,Industrials,0.7063480823796517,0.26864846646448143
USAC,Energy,0.4554151093313961,0.3576514009663253
USB,Financial Services,0.7282023947381525,0.3540912392832578
USPH,Healthcare,0.4688160110334701,0.038651578143304575
UTHR,Healthcare,0.22783205697151068,0.21196711528096174
UTL,Utilities,0.3684854733093273,0.5582291194908224
UUUU,Energy,0.39252092742615796,0.23931049447715075
VAC,Consumer Cyclical,0.6558959421635969,0.17895447193787378
VCEL,Healthcare,0.5009658615524973,0.3784082243336121
VCYT,Healthcare,0.5110574215820747,0.461984694165832
VEON,Communication Services,0.19303770321425184,0.12931107727640398
VFC,Consumer Cyclical,0.5854792529815502,0.2564593815704906
VKTX,Healthcare,0.23585068724402844,0.3400954398707632
VLGEA,Consumer Defensive,0.31047455021767173,0.2507044177788119
VLO,Energy,0.4169095938828964,0.6162148866622877
VLY,Financial Services,0.722960722212843,0.4334467393205131
VMC,Basic Materials,0.6338042963513403,-0.011548991218285795
VNDA,Healthcare,0.254406564467468,0.27045644043817885
VNET,Technology,0.27805966196750315,0.21936608975111904
VNOM,Energy,0.407828357815536,0.6633136222864519
VOD,Communication Services,0.3916073730278486,-0.04281087912878364
VRSK,Industrials,0.3244944693954081,-0.25370323250768456
VSAT,Technology,0.4173126158728299,0.11391842517292959
VSH,Technology,0.6375863140996634,0.35177834824076315
VSTM,Healthcare,0.24612554001918127,0.2713840739534965
VTOL,Energy,0.539640591443993,0.43045766468401697
VTR,Real Estate,0.4683838025783552,0.5763661508073488
VYX,Technology,0.6005909410505763,0.0245583075185578
WAL,Financial Services,0.6041811347417347,0.3491983234854529
WAT,Healthcare,0.519162883269846,0.24440559988914087
WBD,Communication Services,0.4569022955024526,0.2807342920622551
WBS,Financial Services,0.7541580643300307,0.39720529755761197
WCN,Industrials,0.3547716485069728,-0.08305847969587597
WD,Financial Services,0.6817662646486367,0.049641592161215886
WDC,Technology,0.4795841840782667,0.4067211643202699
WELL,Real Estate,0.4420835652370118,0.5684099968993673
WEN,Consumer Cyclical,0.3795863020231055,0.2305870564740556
WERN,Industrials,0.544225870871927,0.17156620438280148
WINA,Consumer Cyclical,0.4771776783069562,0.18938318730277726
WKC,Energy,0.5047191152844515,0.3345313171669861
WLFC,Industrials,0.40278202757895004,0.17752552109640568
WLK,Basic Materials,0.6287042111155957,0.08968912068412328
WLKP,Basic Materials,0.40814570158638885,0.1521923620701224
WLY,Communication Services,0.49419090178430114,-0.02311935700125399
WMS,Industrials,0.6126782824763246,0.19722966480492163
WNC,Industrials,0.544924485401166,0.21445628686276585
WPC,Real Estate,0.4783331821801641,0.6058833368701657
WPP,Communication Services,0.5134426655656583,0.14724180330394068
WRB,Financial Services,0.3959863446267343,0.15106012184497894
WRLD,Financial Services,0.4785019994713936,0.034877137825620595
WSBC,Financial Services,0.7102645266111299,0.5623177285494465
WSM,Consumer Cyclical,0.5559448571127695,0.3573818931780833
WSO,Industrials,0.592400256855279,0.31545792824209945
WST,Healthcare,0.3054837625305972,0.25239291758031523
WVE,Healthcare,0.24682908276591367,0.2189496216173193
WWD,Industrials,0.5737934921535236,0.3376677790979984
WWW,Consumer Cyclical,0.5388890098727235,0.2598326278287101
WYNN,Consumer Cyclical,0.5518954982557098,0.17169393321275433
XENE,Healthcare,0.28523871333423884,0.2963628165372608
XHR,Real Estate,0.7313044722750167,0.04358223271122703
XIFR,Utilities,0.37997422756440513,0.2717639031595484
XRX,Industrials,0.48735321455685027,-0.011917664395433196
XYL,Industrials,0.6629053305489484,0.23189331546317868
XYZ,Technology,0.579568917471289,0.30455505554486073
YELP,Communication Services,0.5097484883327045,0.36839052998558497
YEXT,Technology,0.38740150534473805,0.20139905652229326
YUM,Consumer Cyclical,0.453328381591624,0.09725858969183784
YUMC,Consumer Cyclical,0.35977934711686516,0.03381812745348059
ZBH,Healthcare,0.45942145621724667,0.14556360617427475
ZD,Communication Services,0.5409768419653928,0.22754976082064135
ZION,Financial Services,0.7110570840107021,0.4442271906981561
ZVRA,Healthcare,0.25991218192508897,0.2567077398685255
ZYME,Healthcare,0.27764789792658756,0.39615422057413263
