cluster,feature
1,volume__ad_zvel12_26
1,volume__ad_zvel26_52
1,volume__cmf_20_raw
1,volume__cmf_20_ema4
1,volume__cmf_20_ema8
1,volume__cmf_20_ema16
2,momentum__rsi_short_raw
2,momentum__rsi_long_position
2,momentum__rsi_long_velocity
2,trend__rel12
2,trend__rel26
2,trend__vel6_12
2,trend__acc26_52
2,trend__plus_di
2,volume__price_zvel12_26
2,volume__obv_zvel12_26
3,momentum__rsi_long_raw
3,trend__rel104
3,trend__rel52
3,trend__vel12_26
3,trend__vel26_52
3,trend__vel52_104
3,trend__acc52_104
3,volume__price_zvel26_52
3,volume__obv_zvel26_52
3,volume__mfi_20_raw
3,volume__mfi_20_ema4
3,volume__mfi_20_ema8
3,volume__mfi_20_ema16
4,volume__mfi_20_vel4_8
4,volume__mfi_20_vel8_16
4,volume__cmf_20_vel4_8
4,volume__cmf_20_vel8_16
5,momentum__rsi_short_position
5,momentum__rsi_short_velocity
5,momentum__rsi_short_acceleration
5,momentum__rsi_contrast_raw_short_minus_long
5,momentum__rsi_contrast_position_short_minus_long
5,momentum__rsi_contrast_velocity_short_minus_long
5,momentum__rsi_contrast_acceleration_short_minus_long
5,trend__acc12_26
6,momentum__rsi_long_acceleration
6,trend__rel6
6,trend__acc6_12
6,candle__body_log
6,candle__gap_log
7,candle__skew_log
8,trend__adx
8,volatility__vol7
8,volatility__vol_park7
8,volatility__vol_rs7
8,volatility__vol20
8,volatility__vol_park20
8,volatility__vol_rs20
8,volatility__vol100
8,volatility__vol_park100
8,volatility__vol_rs100
8,volatility__bb_bandwidth
8,volatility__atr_norm
8,candle__body_size
8,candle__range_log
9,trend__minus_di
