group,panel,grouping,market_mean_corr,size,mean_corr,top_eig,top_eig_share,n_signal,sigma2,lam_plus,p_mean_corr,null_mean_mean_corr,null_std_mean_corr,p_top_eig_share,null_mean_top_eig_share,null_std_top_eig_share,p_n_signal,null_mean_n_signal,null_std_n_signal
Basic Materials,raw,sector,0.24624803464773662,32,0.32338430426296766,11.321156917558007,0.3537861537027498,26,0.1808046761208674,0.24022374549117836,0.006644518272425249,0.2453009521749256,0.025941532516251344,0.016611295681063124,0.28662658922359774,0.0259408518185904,0.19933554817275748,20.526666666666667,4.820103756452286
Communication Services,raw,sector,0.24624803464773662,29,0.19815023465963885,6.938072920734841,0.23924389383536232,15,0.5431625257471097,0.7125136984301874,0.973421926910299,0.24511321670800879,0.025647338405558398,0.9867109634551495,0.2894106082967229,0.025267850754793375,0.8604651162790697,19.13,4.237091354197205
Consumer Cyclical,raw,sector,0.24624803464773662,53,0.3522359351956367,19.860241001318293,0.3747215283565732,29,0.3539087701485159,0.5066371839838882,0.0033222591362126247,0.2444581447625141,0.018042723317041796,0.0033222591362126247,0.27737993239262515,0.018409764202521585,0.4584717607973422,28.246666666666666,5.426846022142977
Consumer Defensive,raw,sector,0.24624803464773662,24,0.21547841889107322,6.14455278658496,0.25602303280175004,17,0.43590927848438793,0.5587936962958807,0.8737541528239202,0.24673316745790544,0.02750168162965202,0.920265780730897,0.2953564822046953,0.027527101573538985,0.4485049833887043,16.053333333333335,3.6121064860332814
Energy,raw,sector,0.24624803464773662,29,0.3890308017583138,12.42285903503549,0.42837444951828985,23,0.2001032590753087,0.26249291221917637,0.0033222591362126247,0.24511321670800879,0.025647338405558398,0.0033222591362126247,0.2894106082967229,0.025267850754793375,0.26578073089701,19.13,4.237091354197205
Financial Services,raw,sector,0.24624803464773662,117,0.4310539659266053,54.58484248017683,0.4665371152635816,52,0.2257528809694418,0.3767920646769905,0.0033222591362126247,0.24610220126315188,0.011411333344475904,0.0033222591362126247,0.2725023812493356,0.011840148962082521,0.019933554817275746,42.78333333333333,4.000383203494998
Healthcare,raw,sector,0.24624803464773662,70,0.16642218916911589,13.263323168110801,0.18947604527241205,14,0.6609138689187288,0.993071107667126,1.0,0.24495981765166874,0.015500621151438037,1.0,0.27545004224789066,0.015767603625290033,1.0,33.473333333333336,5.411120305947777
Industrials,raw,sector,0.24624803464773662,77,0.32712194469965655,27.17513368535679,0.35292381412801016,32,0.398705126756231,0.6099042321929167,0.0033222591362126247,0.24589081582465358,0.014688926782836138,0.0033222591362126247,0.27534652281752414,0.015092050568954815,0.7740863787375415,35.41,5.148812247356513
Real Estate,raw,sector,0.24624803464773662,44,0.439224720475746,20.327350788737455,0.4619852452498264,31,0.20769846221931823,0.2887170569109945,0.0033222591362126247,0.24671800823497672,0.02055813054111092,0.0033222591362126247,0.2822905098035488,0.020663848340481336,0.2159468438538206,26.166666666666668,5.622359407453199
Technology,raw,sector,0.24624803464773662,80,0.3176958182627301,27.003688798187895,0.33754611000190976,32,0.39691787794275,0.6116647205579242,0.0033222591362126247,0.24570114161327303,0.014853404585694216,0.0033222591362126247,0.27492704387051825,0.015183195524495777,0.8006644518272426,35.723333333333336,4.9963319879020585
Utilities,raw,sector,0.24624803464773662,15,0.2988791480412046,5.491746222906476,0.36611641490347024,13,0.2603666896941138,0.3176396173901083,0.06312292358803986,0.24074510623235384,0.037039843738123086,0.06312292358803986,0.3065216153642881,0.035606204032339356,0.2724252491694352,10.283333333333333,2.4432807777149543
cap_large,raw,cap,0.24624803464773662,190,0.25902503085111545,53.869572749366085,0.28352406713093276,59,0.36310389160968926,0.6834997542406208,0.046511627906976744,0.2461223038497097,0.008077936487009997,0.04318936877076412,0.2703565213153731,0.008519479435065064,0.2059800664451827,55.29333333333334,3.8984546576751042
cap_mid,raw,cap,0.24624803464773662,190,0.27291721748451164,56.328610203900936,0.2964663695192842,61,0.37464954920859495,0.705233077164852,0.0033222591362126247,0.2461223038497097,0.008077936487009997,0.0033222591362126247,0.2703565213153731,0.008519479435065064,0.10963455149501661,55.29333333333334,3.8984546576751042
cap_small,raw,cap,0.24624803464773662,190,0.23546694232606435,49.762408324779315,0.2619074122563891,46,0.476048033272455,0.8961036256207706,0.9069767441860465,0.2461223038497097,0.008077936487009997,0.8438538205980066,0.2703565213153731,0.008519479435065064,0.9966777408637874,55.29333333333334,3.8984546576751042
Basic Materials,kalman,sector,0.19736278252063896,32,0.19341141268905737,10.05939021150991,0.3143559442348582,30,0.023607747894241346,0.03136612251098524,0.4950166112956811,0.19368042652699521,0.040318371444934414,0.4152823920265781,0.3052928666175249,0.04659036896014218,0.6877076411960132,29.883333333333333,0.9412804675640595
Communication Services,kalman,sector,0.19736278252063896,29,0.16711856905633626,7.639309597643544,0.26342446898434946,26,0.11809988375197107,0.15492192661956647,0.7475083056478405,0.1989144060584486,0.04351570445646115,0.8205980066445183,0.3123016823369978,0.05167740913398297,0.9169435215946844,26.903333333333332,0.9506144231463503
Consumer Cyclical,kalman,sector,0.19736278252063896,53,0.29855698269032077,19.929571922049377,0.3760296590738998,47,0.026567686100624252,0.03803290227970239,0.0033222591362126247,0.19603354143102394,0.03017307968659326,0.023255813953488372,0.3033367459683605,0.03451067420096076,0.9800664451827242,49.55,1.4814911587693345
Consumer Defensive,kalman,sector,0.19736278252063896,24,0.12949643648613912,5.616152392671521,0.23400634982828636,23,0.07085915963380146,0.09083461555547022,0.9534883720930233,0.20131393477591328,0.046663464620735694,0.9501661129568106,0.31629556457393154,0.05023769422708642,0.42524916943521596,22.213333333333335,0.8307361981954295
Energy,kalman,sector,0.19736278252063896,29,0.3759383640030835,15.344142065490985,0.5291083472410333,28,0.001175580617153705,0.0015421117135776294,0.0033222591362126247,0.1989144060584486,0.04351570445646115,0.0033222591362126247,0.3123016823369978,0.05167740913398297,0.30564784053156147,26.903333333333332,0.9506144231463503
Financial Services,kalman,sector,0.19736278252063896,117,0.325662885500234,48.086254591969464,0.410993629259421,107,0.005899181675713715,0.009846008759452844,0.0033222591362126247,0.19752947492101555,0.019116368548640277,0.0033222591362126247,0.29881148490838333,0.024926366090599297,0.4850498338870432,106.79666666666667,3.3921987357905814
Healthcare,kalman,sector,0.19736278252063896,70,0.11790361109617818,15.360021666638477,0.21942888104916805,69,0.005343432947494579,0.00802889623816621,1.0,0.19679806964707752,0.02517698776822903,1.0,0.30248644627791993,0.0307956020001909,0.046511627906976744,65.27,2.032454074565374
Industrials,kalman,sector,0.19736278252063896,77,0.27204600994839123,23.195319936241546,0.301237921371319,70,0.039040688997638226,0.059721031533023466,0.0033222591362126247,0.19708530650737743,0.022575995891271797,0.47840531561461797,0.29939047529748575,0.02920258514240944,0.8338870431893688,71.64,2.2966603644055508
Real Estate,kalman,sector,0.19736278252063896,44,0.2472616589624585,13.718408813786407,0.31178201869880756,43,0.0083726431608877,0.011638626815758026,0.07973421926910298,0.1979949835654023,0.03451461050737324,0.4219269102990033,0.3067043419163167,0.03816307712237146,0.11960132890365449,41.06666666666667,1.246623086296139
Technology,kalman,sector,0.19736278252063896,80,0.23008472492417947,26.079187485787074,0.32598984372387696,73,0.012298846017810297,0.01895296390190298,0.07641196013289037,0.19417418158081146,0.024081756864787383,0.16611295681063123,0.29736213415186424,0.02923256407500756,0.7541528239202658,74.29,2.3217525960051937
Utilities,kalman,sector,0.19736278252063896,15,0.16697715581379852,4.104775515269276,0.2736517011894733,14,0.04724765556452187,0.057640734510723525,0.6843853820598007,0.19984443864430654,0.0650170715801567,0.8172757475083057,0.33584289247611354,0.06626644186801442,0.6079734219269103,13.53,0.6712689525733804
cap_large,kalman,cap,0.19736278252063896,190,0.1875582379905154,47.89760734658851,0.25209267038347677,168,0.009359868032415238,0.01761883485059774,0.7807308970099668,0.1975564034061521,0.01285830664234282,0.9933554817275747,0.2965687998468424,0.016759048762111334,0.2591362126245847,165.18666666666667,4.069441822253339
cap_mid,kalman,cap,0.19736278252063896,190,0.22486350187331813,61.43103268814883,0.32332122483012077,163,0.006991102204936278,0.013159915796445015,0.026578073089700997,0.1975564034061521,0.01285830664234282,0.053156146179401995,0.2965687998468424,0.016759048762111334,0.7441860465116279,165.18666666666667,4.069441822253339
cap_small,kalman,cap,0.19736278252063896,190,0.19947773303179853,61.64956483433515,0.32447139401451885,164,0.00634897818351241,0.011951193937558991,0.42524916943521596,0.1975564034061521,0.01285830664234282,0.04983388704318937,0.2965687998468424,0.016759048762111334,0.6245847176079734,165.18666666666667,4.069441822253339
