feature_i,feature_j,group_i,group_j,delta_corr
candle__range_log,volatility__bb_bandwidth,candle,volatility,0.368673038024498
candle__range_log,volatility__vol100,candle,volatility,0.36683629121868255
volatility__bb_bandwidth,volatility__vol_rs100,volatility,volatility,0.3608105601897173
candle__range_log,volatility__vol_rs100,candle,volatility,0.35877442121560493
volatility__vol7,volatility__vol_rs100,volatility,volatility,0.35659110828817914
candle__range_log,volatility__vol_park100,candle,volatility,0.3470073664809616
volatility__vol100,volatility__vol_rs7,volatility,volatility,0.3444519816586835
volatility__bb_bandwidth,volatility__vol_park100,volatility,volatility,0.3425832283875586
volatility__bb_bandwidth,volatility__vol_rs7,volatility,volatility,0.3424110364019741
volatility__vol20,volatility__vol_rs100,volatility,volatility,0.33779499018877535
volatility__bb_bandwidth,volatility__vol100,volatility,volatility,0.3340988109826605
candle__range_log,volatility__vol20,candle,volatility,0.3333630758770465
volatility__vol7,volatility__vol_park100,volatility,volatility,0.33188111382915675
volatility__bb_bandwidth,volatility__vol7,volatility,volatility,0.3283936450946941
volatility__vol100,volatility__vol_park7,volatility,volatility,0.3265882768479396
candle__range_log,volatility__vol_rs20,candle,volatility,0.32638979412170105
volatility__vol7,volatility__vol_rs20,volatility,volatility,0.3220849650212753
volatility__vol100,volatility__vol7,volatility,volatility,0.32018241399487724
volatility__bb_bandwidth,volatility__vol_park7,volatility,volatility,0.3131639571043634
volatility__bb_bandwidth,volatility__vol_rs20,volatility,volatility,0.3113226150929278
