feature,group,max_abs_corr_global,global_partner,mean_abs_corr_global,max_abs_corr_sector,sector_partner,mean_abs_corr_sector
volume__ad_zvel26_52,volume,0.03425846055033657,volume__price_zvel26_52,0.008253064899670783,0.08651798760216743,volume__obv_zvel26_52,0.029229358578561997
momentum__cmf_long_raw,momentum,0.02707665970590037,trend__velocity_52/104,0.00669524955871913,0.06241400333040736,trend__rel_104,0.020759389669321164
trend__velocity_12/26,trend,0.02279182099614881,trend__velocity_52/104,0.004482199189913265,0.07629050378425797,volume__obv_zvel26_52,0.017464690415804035
volatility__vol_rs100,volatility,0.021493071216779777,volume__ad_zvel26_52,0.0032736282122839836,0.137945196094125,trend__velocity_52/104,0.023136307237779742
trend__rel_26,trend,0.02126214046974953,trend__velocity_52/104,0.004378826125276576,0.06250937216427761,volume__obv_zvel26_52,0.019387007396453843
trend__rel_52,trend,0.0211580314405562,trend__velocity_52/104,0.004552528986402583,0.07256399363192091,volume__ad_zvel26_52,0.022261727753775683
trend__velocity_52/104,trend,0.019592645854292243,volatility__vol100,0.005611447577737605,0.05698840428156053,trend__velocity_26/52,0.02350280095709566
trend__rel_104,trend,0.01958647330356167,volatility__vol100,0.007447543801708941,0.0826154086500247,volume__obv_zvel26_52,0.03127407634476156
momentum__willr_long_raw,momentum,0.019424130075687746,trend__velocity_52/104,0.003482719905501771,0.06108632176822323,volume__obv_zvel26_52,0.01912523085883731
momentum__mfi_long_raw,momentum,0.01940210857918221,trend__velocity_52/104,0.002944010879173875,0.07181997849116353,volume__obv_zvel26_52,0.017767069971055937
volatility__vol_park100,volatility,0.018691652048974695,volume__ad_zvel26_52,0.0028828146180999415,0.13218834410154726,trend__velocity_52/104,0.02078692343065981
volume__ad_zvel12_26,volume,0.017622787676548884,volume__price_zvel26_52,0.0056227415664808055,0.07884380586128659,momentum__cmf_long_velocity,0.026942145849403493
volatility__atr_norm,volatility,0.017226092013248148,momentum__rsi_long_raw,0.007133924842989484,0.11103562046637151,trend__rel_104,0.03911421455196343
volatility__vol_rs20,volatility,0.01681959896235063,momentum__cmf_long_raw,0.006309295691040854,0.0999943831394159,trend__velocity_52/104,0.021329456094096352
candle__range_log,candle,0.016683216083146785,volatility__vol100,0.003492315641362818,0.08432313730071397,volatility__vol_rs100,0.014835212283811034
momentum__cmf_short_raw,momentum,0.01661830640690738,trend__velocity_52/104,0.005099217644653138,0.0544922964905193,volume__ad_zvel26_52,0.019523274834657448
volatility__vol7,volatility,0.01661188062814128,trend__adx,0.0027115593568893446,0.06981426783666517,volatility__vol_rs100,0.015396894173472573
volatility__vol_park20,volatility,0.01586882313093369,momentum__cmf_long_raw,0.005944721924352584,0.1008192473039038,trend__velocity_52/104,0.023154254909024376
momentum__rsi_long_raw,momentum,0.015541164922967027,trend__velocity_52/104,0.003068209098132498,0.07746516429971484,volume__obv_zvel26_52,0.01657724896420116
volatility__vol_rs7,volatility,0.015225284574040364,momentum__cmf_long_raw,0.006127714896877602,0.07750178790643951,trend__velocity_52/104,0.020694378530216995
trend__rel_12,trend,0.0144968410404931,trend__velocity_52/104,0.004734942473317573,0.04649353443983248,trend__rel_104,0.017155737592151533
volatility__vol_park7,volatility,0.014142906960693901,momentum__cmf_long_raw,0.005761998019762223,0.07930440319069428,trend__velocity_52/104,0.02149758489956495
momentum__mfi_short_raw,momentum,0.013573577390136218,trend__velocity_52/104,0.0027864196009047258,0.05727515808493374,volume__obv_zvel26_52,0.01607202859298139
volatility__bb_bandwidth,volatility,0.013298270238758809,trend__acceleration_52/104,0.003765330283368813,0.08818510143335602,volatility__vol_park100,0.016740728855936995
momentum__willr_short_raw,momentum,0.013253340086715533,trend__velocity_52/104,0.004543472876356615,0.04148873994326381,trend__rel_104,0.0175053558850511
volume__price_zvel12_26,volume,0.013103785358691581,trend__adx,0.002801176736197802,0.05489320236951094,volume__obv_zvel26_52,0.01603825616284571
trend__minus_di,trend,0.01286308357810965,trend__velocity_52/104,0.002902064901937936,0.05154067357057231,volume__obv_zvel26_52,0.02242180141788386
trend__velocity_26/52,trend,0.012253291711672082,volume__obv_zvel12_26,0.004913064884305244,0.08033177550657436,volume__ad_zvel26_52,0.019303091048351265
momentum__willr_long_velocity,momentum,0.01168339273120464,trend__adx,0.0026756309948775124,0.045647942211413564,momentum__cmf_long_velocity,0.013318671842920474
momentum__cci_long_raw,momentum,0.011385574490505392,trend__velocity_52/104,0.0029035600611083353,0.05395767932283668,volume__obv_zvel26_52,0.016729491008560617
momentum__rsi_long_velocity,momentum,0.011275801967204022,trend__adx,0.0025281465192089963,0.06191906480085527,momentum__cmf_long_velocity,0.01090498633328307
trend__acceleration_26/52,trend,0.011238419696758851,trend__adx,0.003193076547854197,0.05628002532796941,volume__obv_zvel26_52,0.015069300421538867
volatility__vol20,volatility,0.010983524478037972,volume__ad_zvel26_52,0.003321126870994632,0.06991183946156926,volatility__vol_rs100,0.018473486311654276
momentum__cci_long_velocity,momentum,0.010936065538289581,trend__adx,0.002172870727492496,0.035704792045428584,volume__obv_zvel12_26,0.015320555240333373
momentum__rsi_short_raw,momentum,0.010342827834378617,trend__velocity_52/104,0.0028644516835027124,0.056720602181979315,volume__obv_zvel26_52,0.017362180517627723
trend__acceleration_52/104,trend,0.009942637813958601,volatility__vol_rs7,0.003276825179065954,0.09028645260246514,volume__obv_zvel26_52,0.0157186645693528
volatility__vol100,volatility,0.00964144453609367,trend__velocity_52/104,0.002646545161625559,0.09667093295626003,trend__velocity_52/104,0.01753209541600648
volume__obv_zvel26_52,volume,0.009573998935899922,trend__velocity_26/52,0.0022712362992597635,0.0870778438235268,volume__price_zvel26_52,0.03131627583262786
trend__acceleration_12/26,trend,0.009164966226173027,trend__adx,0.0033090951183601808,0.049264333926648946,momentum__cmf_short_velocity,0.014823183719839499
momentum__cmf_long_acceleration,momentum,0.009122346855865191,volume__obv_zvel26_52,0.0032847069516229632,0.04812466885453843,momentum__mfi_long_acceleration,0.015794337460135685
momentum__cmf_short_velocity,momentum,0.00898340443591722,momentum__mfi_short_acceleration,0.0028648622706943273,0.05602453334716683,volume__ad_zvel12_26,0.017676735050565176
momentum__willr_short_velocity,momentum,0.008851463679925986,momentum__rsi_short_velocity,0.00242800798134649,0.04087483206755071,momentum__mfi_short_acceleration,0.010877306892115024
trend__plus_di,trend,0.0085640035185759,volatility__bb_bandwidth,0.0033064308781797155,0.04219611692945536,volume__obv_zvel26_52,0.01757693466224956
volume__price_zvel26_52,volume,0.008521171915283614,trend__adx,0.0018463788186310042,0.09448010914484467,volume__obv_zvel26_52,0.019000298259811622
momentum__cmf_short_acceleration,momentum,0.008482065457195981,momentum__mfi_short_acceleration,0.0024716375973603266,0.0358418547638168,momentum__cmf_long_acceleration,0.009989785303485611
momentum__cci_long_acceleration,momentum,0.008174665007511827,momentum__cmf_long_velocity,0.0022737816397310627,0.03978538585495136,momentum__mfi_short_acceleration,0.01100792439695555
momentum__rsi_short_velocity,momentum,0.007985050355402664,trend__adx,0.0017829285661171864,0.04127510317028482,momentum__cmf_short_velocity,0.010809726997385772
momentum__willr_long_acceleration,momentum,0.007581734538004137,momentum__rsi_short_velocity,0.0026148229433050067,0.04393009131142063,momentum__mfi_short_acceleration,0.010639144373458446
volume__obv_zvel12_26,volume,0.007480504859297915,volume__price_zvel26_52,0.002257955906647593,0.066929126249302,volume__obv_zvel26_52,0.02171884649453824
momentum__cci_short_raw,momentum,0.007475142173072867,trend__velocity_52/104,0.0025194619872240067,0.037691237992851914,volume__ad_zvel12_26,0.015763849562954454
candle__gap_log,candle,0.007404693176441891,candle__skew_log,0.001452872348816097,0.018064029208556463,trend__rel_12,0.005444830930752941
momentum__willr_short_acceleration,momentum,0.0072073196716930235,momentum__cmf_long_velocity,0.0024084170564873503,0.03398067033147006,momentum__cmf_short_acceleration,0.011972283204861305
candle__skew_log,candle,0.007101560839943412,candle__body_log,0.0025856186056625436,0.010973662016150942,momentum__cmf_long_raw,0.003501378246460661
momentum__rsi_short_acceleration,momentum,0.006944212188881488,momentum__cmf_long_velocity,0.00181876681511359,0.035693399264499374,momentum__mfi_short_acceleration,0.008997892680287656
momentum__cmf_long_velocity,momentum,0.006937717137852103,volume__obv_zvel26_52,0.0032832024328176795,0.07814144742928417,volume__ad_zvel12_26,0.02399415464662791
momentum__cci_short_acceleration,momentum,0.006910113766292786,momentum__cmf_long_velocity,0.0020705726545912242,0.031183607087032807,momentum__willr_long_acceleration,0.011357180819532964
momentum__cci_short_velocity,momentum,0.006598184963410358,momentum__rsi_short_velocity,0.002058178583025623,0.03620930374109518,momentum__mfi_short_acceleration,0.010865722439879315
candle__body_log,candle,0.0057311551637944025,trend__plus_di,0.0029158556573753006,0.03858690182487612,trend__rel_12,0.012905700977019334
trend__adx,trend,0.0056059431586277155,momentum__cmf_long_velocity,0.00229838283916968,0.06703967055512786,volatility__bb_bandwidth,0.012709372043880797
momentum__mfi_short_acceleration,momentum,0.005586352975234518,momentum__cmf_short_acceleration,0.0017871645608660371,0.04018232987728918,momentum__willr_long_acceleration,0.013334600571063242
momentum__mfi_short_velocity,momentum,0.0050996300606345685,momentum__mfi_long_acceleration,0.00151804001573568,0.032339290185893925,momentum__cmf_long_velocity,0.011045776070774662
momentum__rsi_long_acceleration,momentum,0.004826760583259164,volatility__vol_rs20,0.0016178930106147847,0.05418145127394517,momentum__cmf_long_acceleration,0.010294097296526021
momentum__mfi_long_velocity,momentum,0.004689728097284802,candle__range_log,0.0014535002905856327,0.05705534239660983,momentum__cmf_long_velocity,0.013297002511782815
momentum__mfi_long_acceleration,momentum,0.003603429840850147,momentum__mfi_short_velocity,0.0011960228825018274,0.04819812486134302,momentum__cmf_long_acceleration,0.010864919197273084
candle__body_size,candle,0.0015196645957131535,momentum__mfi_short_velocity,0.00048640006272568614,0.030704109228410912,candle__range_log,0.0023757112708074676
